Paddle Name,Brand,Price,Discount Code,Link to Paddle,Year Released,Approval Body,Shape,Grit Type,Build Type,Paddle Type,Core Thickness (mm),Grip Length (in),Grip Size (in),Weight (oz),Swingweight,Swingweight Percentile,Twistweight,Twistweight Percentile,Balance Point (mm),Spin Rating,Spin (RPM),Power (MPH),Power Percentile,Pop (MPH),Pop Percentile,Firepower Percentile,Firepower Z,Firepower Z Tier
All Court Hurache-X ,11SIX24,$149.99,PBEFFECT,https://a8qh.short.gy/HXAC,2025,USAP,Elongated,Raw Texture/Peel Ply,Gen 1.5,All-Court,16,6.00,4.13,8.18,121,86%,6.33,49%,245,Very High,2027,55.7,43%,36.0,41%,42%,53.0,Firepower Balanced
All Court Pegasus,11SIX24,$129.99,PBEFFECT,https://a8qh.short.gy/PAC,2025,USAP,Widebody,Raw Texture/Peel Ply,Gen 1.5,All-Court,16,5.50,4.13,8.20,113,35%,7.26,95%,237,Very High,2032,55.2,30%,35.5,23%,26%,43.0,Firepower Control+
All Court Vapor,11SIX24,$129.99,PBEFFECT,https://a8qh.short.gy/VAC,2025,USAP,Hybrid,Raw Texture/Peel Ply,Gen 1.5,All-Court,16,5.75,4.13,8.16,117,64%,6.80,79%,241,Very High,2059,55.3,33%,35.4,20%,26%,43.0,Firepower Control+
Alpha Pro Power Hurache-X,11SIX24,$199.99,PBEFFECT,https://a8qh.short.gy/APPE,2025,USAP,Elongated,Raw Texture/Peel Ply,Gen 3,Power,16,6.00,4.13,8.10,118,71%,6.29,45%,238,,,,,,,,,
Alpha Pro Power Pegasus,11SIX24,$199.99,PBEFFECT,https://a8qh.short.gy/APPP,2025,USAP,Widebody,Raw Texture/Peel Ply,Gen 3,Power,16,5.50,4.13,8.00,107,6%,7.12,91%,229,,,,,,,,,
Alpha Pro Power Vapor,11SIX24,$199.99,PBEFFECT,https://a8qh.short.gy/APPH,2025,USAP,Hybrid,Raw Texture/Peel Ply,Gen 3,Power,16,5.75,4.13,8.00,112,28%,6.76,77%,236,,,,,,,,,
Jelly Bean Hurache-X ,11SIX24,$99.99,PBEFFECT,https://a8qh.short.gy/HJB16,2024,USAP,Elongated,Raw Texture/Peel Ply,Gen 1.5,Control,16,6.00,4.13,8.14,122,89%,6.36,51%,242,,,,,,,,,
Jelly Bean Vapor,11SIX24,$99.99,PBEFFECT,https://a8qh.short.gy/JBV,2025,USAP,Hybrid,Raw Texture/Peel Ply,Gen 1.5,Control,16,5.75,4.13,8.00,115,49%,6.67,71%,240,,,,,,,,,
Power 2 Hurache X,11SIX24,$209.99,PBEFFECT,https://a8qh.short.gy/p2e,2026,UPA-A,Elongated,Durable Texture,Gen 4,Power,16,5.75,4.13,8.00,117,64%,6.12,32%,241,Very High,2092,57.0,93%,36.9,85%,89%,76.0,Firepower High
Power 2 Pegasus,11SIX24,$209.99,PBEFFECT,https://a8qh.short.gy/p2p,2026,UPA-A,Widebody,Durable Texture,Gen 4,Power,16,6.00,4.13,8.10,110,18%,7.23,93%,236,Very High,2109,56.9,90%,36.6,72%,81%,73.0,Firepower High
Power 2 Vapor,11SIX24,$209.99,PBEFFECT,https://a8qh.short.gy/p2v,2026,UPA-A,Hybrid,Durable Texture,Gen 4,Power,16,5.75,4.13,7.92,111,23%,6.70,74%,236,Very High,2139,56.7,84%,36.9,85%,84%,72.0,Firepower High
Power Hurache-X ,11SIX24,$169.99,PBEFFECT,https://a8qh.short.gy/HXP,2025,USAP,Elongated,Raw Texture/Peel Ply,Gen 3,Power,16,6.00,4.13,8.15,117,64%,6.40,53%,240,Very High,2033,56.3,68%,36.0,41%,55%,61.0,Firepower Balanced
Power Pegasus,11SIX24,$169.99,PBEFFECT,https://a8qh.short.gy/PP,2025,USAP,Widebody,Raw Texture/Peel Ply,Gen 3,Power,16,5.50,4.13,8.33,111,23%,7.60,99%,233,Very High,2085,55.8,48%,36.2,51%,50%,56.0,Firepower Balanced
Power Vapor,11SIX24,$169.99,PBEFFECT,https://a8qh.short.gy/VP,2025,USAP,Hybrid,Raw Texture/Peel Ply,Gen 3,Power,16,5.75,4.13,8.30,116,57%,7.10,90%,237,Very High,2065,56.0,56%,36.1,46%,51%,58.0,Firepower Balanced
Metalbone EVA 16mm (red no weights),Adidas,$249.00,PBEFFECT,https://a8qh.short.gy/MBE16,2025,Unapproved,Elongated,Paint Grit,Gen 4,Power,16,5.50,4.25,8.30,124,95%,5.63,8%,247,Very High,2085,58.2,100%,37.6,99%,99%,98.0,Firepower Elite
Metalbone PP 14.5mm (no weights),Adidas,$229.00,PBEFFECT,https://a8qh.short.gy/MB14,2025,USAP/UPA-A,Elongated,Paint Grit,Gen 2,All-Court,15,5.50,4.25,8.00,111,23%,5.10,1%,236,Very High,2011,54.1,13%,35.1,15%,14%,25.0,Firepower Soft
Metalbone PP 16mm (no weights),Adidas,$249.00,PBEFFECT,https://a8qh.short.gy/MB16,2025,USAP,Elongated,Paint Grit,Gen 2,Control,16,5.50,4.25,8.10,116,57%,5.26,2%,241,Very High,2086,54.2,15%,35.4,20%,17%,29.0,Firepower Soft
Metalbone Team EVA 16mm (blue),Adidas,$209.00,PBEFFECT,https://a8qh.short.gy/MBT,2025,Unapproved,Elongated,Paint Grit,Gen 4,Power,16,5.50,4.25,7.90,113,35%,5.03,1%,241,High,1978,57.8,99%,37.3,97%,98%,90.0,Firepower Elite
PRO-EDT 14,Adidas,$189.00,Link applies code,https://a8qh.short.gy/edt14,2025,USAP/UPA-A,Elongated,Raw Texture/Peel Ply,Gen 3,All-Court,14,5.50,4.25,8.00,122,89%,6.48,58%,242,Very High,2022,56.5,77%,36.4,62%,69%,66.0,Firepower High
PRO-EDT 16,Adidas,$189.00,Link applies code,https://a8qh.short.gy/edt16,2025,USAP/UPA-A,Elongated,Raw Texture/Peel Ply,Gen 3,All-Court,16,5.50,4.50,7.95,126,98%,6.30,46%,246,Very High,2078,57.0,93%,35.8,34%,64%,68.0,Firepower High
PRO-EDT 16 C,Adidas,$189.00,Link applies code,https://a8qh.short.gy/edtc,2025,USAP,Widebody,Raw Texture/Peel Ply,Gen 3,All-Court,16,5.50,4.50,8.05,119,78%,7.26,95%,241,Very High,2089,56.4,74%,36.0,41%,57%,62.0,Firepower Balanced
Cyclone,Aireo,$189.00,N/A,https://a8qh.short.gy/cyc,2025,USAP,Elongated,Raw Texture/Peel Ply,Gen 4,Power,16,5.50,4.25,7.67,114,43%,6.41,54%,243,Very High,2054,57.0,93%,37.0,89%,91%,77.0,Firepower High
Baller +,Babolat,$219.99,PBEFFECT,https://a8qh.short.gy/BALLR,2025,USAP,Hybrid,Paint Grit,Gen 2,All-Court,16,5.50,4.13,8.33,113,35%,6.08,29%,234,High,1932,56.0,56%,35.8,34%,45%,55.0,Firepower Balanced
Strkr+,Babolat,$219.99,PBEFFECT,https://a8qh.short.gy/STRKR,2025,USAP,Extra-elongated,Paint Grit,Gen 2/Edgeless,Power,13,5.50,4.00,8.05,120,83%,5.43,4%,240,Low,1815,55.7,43%,36.0,41%,42%,53.0,Firepower Balanced
WZRD,Babolat,$219.99,PBEFFECT,https://a8qh.short.gy/WRZD,2025,USAP,Widebody,Paint Grit,Gen 2,Control,20,5.00,4.13,8.57,109,13%,6.40,53%,226,High,1952,55.8,48%,35.6,27%,38%,51.0,Firepower Balanced
Flik F1 TerraCore XC Elongated,Body Helix,$190.00,PBEFFECT,https://a8qh.short.gy/f1E,2025,USAP,Elongated,Raw Texture/Peel Ply,Gen 4,Power,16,5.25,4.25,7.86,114,43%,6.07,28%,240,Very High,2088,57.4,97%,38.0,100%,99%,90.0,Firepower Elite
X2 Lite,Body Helix,$160.00,PBEFFECT,https://a8qh.short.gy/X2Lite,2023,USAP,Elongated,Raw Texture/Peel Ply,Gen 2,All-Court,16,6.00,4.25,8.12,123,92%,6.32,48%,245,Low,1842,52.8,2%,33.7,1%,2%,0.0,Firepower Soft
X2 Pro,Body Helix,$180.00,PBEFFECT,https://a8qh.short.gy/X2Pro,2023,USAP,Elongated,Raw Texture/Peel Ply,Gen 2,Power,19,6.00,4.25,8.88,134,100%,6.74,76%,246,High,1981,54.9,22%,34.8,8%,15%,34.0,Firepower Soft
X3 Lite,Body Helix,$160.00,PBEFFECT,https://a8qh.short.gy/X3Lite,2023,USAP,Elongated,Raw Texture/Peel Ply,Gen 2,All-Court,16,6.00,4.25,8.25,125,97%,6.03,27%,245,Medium,1920,52.8,2%,34.8,8%,5%,6.0,Firepower Soft
X3 Pro,Body Helix,$180.00,PBEFFECT,https://a8qh.short.gy/X3Pro,2023,USAP,Elongated,Raw Texture/Peel Ply,Gen 2,Power,18,6.00,4.25,8.73,132,99%,6.65,70%,246,High,1949,54.7,20%,34.2,3%,11%,26.0,Firepower Soft
X4 Gold Kevlar,Body Helix,$140.00,PBEFFECT,https://a8qh.short.gy/X4Gold,2024,USAP,Hybrid,Raw Texture/Peel Ply,Gen 2,Power,16,5.25,4.25,8.10,116,57%,6.63,69%,239,High,1972,56.0,56%,36.5,67%,62%,61.0,Firepower Balanced
Fat Boy,Bread & Butter,$189.99,PBEFFECT,https://a8qh.short.gy/fatboy,2024,USAP,Widebody,Raw Texture/Peel Ply,Gen 2,Control,16,5.30,4.25,8.17,112,28%,7.29,95%,236,High,1935,54.9,22%,36.6,72%,47%,47.0,Firepower Control+
Filth Elongated,Bread & Butter,$165.00,PBEFFECT,https://a8qh.short.gy/FEN,2025,USAP,Elongated,Raw Texture/Peel Ply,Gen 2,All-Court,16,5.60,4.13,8.18,123,92%,6.24,42%,243,Medium,1905,55.8,48%,35.7,31%,40%,52.0,Firepower Balanced
Filth Hybrid,Bread & Butter,$165.00,PBEFFECT,https://a8qh.short.gy/FHN,2025,USAP,Hybrid,Raw Texture/Peel Ply,Gen 2,Control,16,5.50,4.13,8.07,113,35%,6.77,78%,238,Medium,1908,55.4,34%,35.9,36%,35%,48.0,Firepower Control+
Filth Standard,Bread & Butter,$165.00,PBEFFECT,https://a8qh.short.gy/FSN,2025,USAP,Widebody,Raw Texture/Peel Ply,Gen 2,Control,16,5.30,4.13,8.26,111,23%,7.47,98%,234,Medium,1919,55.6,40%,35.8,34%,37%,50.0,Firepower Balanced
Invader,Bread & Butter,$189.99,PBEFFECT,https://a8qh.short.gy/INV,2024,USAP,Hybrid,Raw Texture/Peel Ply,Gen 2,All-Court,16,5.30,4.25,8.18,118,71%,6.85,82%,239,High,1985,55.8,48%,36.2,51%,50%,56.0,Firepower Balanced
Loco Elongated,Bread & Butter,$199.99,PBEFFECT,https://a8qh.short.gy/LE16,2025,USAP,Elongated,Raw Texture/Peel Ply,Gen 4,Power,16,5.50,4.25,7.90,120,83%,6.18,36%,245,Very High,2010,56.9,90%,36.8,82%,86%,75.0,Firepower High
Loco Hybrid,Bread & Butter,$199.99,PBEFFECT,https://a8qh.short.gy/HL16,2025,USAP,Hybrid,Raw Texture/Peel Ply,Gen 4,Power,16,5.50,4.25,7.98,113,35%,6.67,71%,238,Very High,2032,56.7,84%,37.0,89%,87%,73.0,Firepower High
Loco Standard,Bread & Butter,$199.99,PBEFFECT,https://a8qh.short.gy/LS16,2025,USAP,Widebody,Raw Texture/Peel Ply,Gen 4,Power,16,5.30,4.25,8.06,110,18%,7.33,96%,235,Very High,2004,56.4,74%,36.6,72%,73%,67.0,Firepower High
Shogun,Bread & Butter,$189.99,PBEFFECT,https://a8qh.short.gy/Shogun,2024,USAP,Elongated,Raw Texture/Peel Ply,Gen 2,All-Court,16,5.50,4.25,8.18,122,89%,6.20,38%,244,Medium,1928,54.4,17%,35.4,20%,18%,31.0,Firepower Soft
Wild Thing,Bread & Butter,$189.99,PBEFFECT,https://a8qh.short.gy/WT,2025,USAP,Elongated,Raw Texture/Peel Ply,Gen 2,All-Court,16,5.50,4.30,7.70,113,35%,5.91,20%,239,Medium,1907,55.8,48%,35.6,27%,38%,51.0,Firepower Balanced
Shapeshifter EX,Chorus,$174.99,PBEFFECT,https://a8qh.short.gy/SEX,2024,USAP,Elongated,Raw Texture/Peel Ply,Gen 2,Control,16,5.60,4.25,7.80,115,49%,6.18,36%,242,Very High,2104,56.0,56%,35.9,36%,46%,56.0,Firepower Balanced
Shapeshifter HX,Chorus,$174.99,PBEFFECT,https://a8qh.short.gy/SHX,2024,USAP,Hybrid,Raw Texture/Peel Ply,Gen 2,Control,16,5.60,4.25,7.80,114,43%,6.46,57%,240,Very High,2071,55.8,48%,35.6,27%,38%,51.0,Firepower Balanced
Shapeshifter SX,Chorus,$174.99,PBEFFECT,https://a8qh.short.gy/SSX,2024,USAP,Widebody,Raw Texture/Peel Ply,Gen 2,Control,16,5.60,4.25,7.70,107,6%,6.83,82%,235,Very High,2063,54.5,19%,35.1,15%,17%,31.0,Firepower Soft
Supercourt EX,Chorus,$119.00,PBEFFECT,https://a8qh.short.gy/SCEX,2025,USAP,Elongated,Raw Texture/Peel Ply,Gen 2,All-Court,16,5.60,4.25,7.80,116,57%,6.45,56%,243,Very High,2020,56.2,65%,36.0,41%,53%,59.0,Firepower Balanced
Supercourt HX,Chorus,$119.00,PBEFFECT,https://a8qh.short.gy/SCHX,2025,USAP,Hybrid,Raw Texture/Peel Ply,Gen 2,All-Court,16,5.60,4.25,7.80,115,49%,6.80,79%,242,High,1969,56.0,56%,35.8,34%,45%,55.0,Firepower Balanced
Supercourt SX,Chorus,$119.00,PBEFFECT,https://a8qh.short.gy/SCSX,2025,USAP,Widebody,Raw Texture/Peel Ply,Gen 2,All-Court,16,5.60,4.25,7.70,107,6%,7.16,92%,237,High,1986,56.0,56%,35.7,31%,44%,55.0,Firepower Balanced
CRBN 1 Orginal (16 mm),CRBN,$179.99,PBEFFECT,https://a8qh.short.gy/crbn1,2021,USAP,Elongated,Raw Texture/Peel Ply,Gen 1,Control,16,5.50,4.25,8.25,118,71%,5.77,11%,238,,,,,,,,,
CRBN 1X Power Series (14 mm),CRBN,$229.99,PBEFFECT,https://a8qh.short.gy/crbn1x14,2023,USAP,Elongated,Raw Texture/Peel Ply,Gen 2,Power,14,5.50,4.25,7.87,118,71%,5.88,16%,243,Medium,1917,54.3,16%,35.4,20%,18%,30.0,Firepower Soft
CRBN 1X Power Series (16 mm),CRBN,$229.99,PBEFFECT,https://a8qh.short.gy/crbn1x16,2023,USAP,Elongated,Raw Texture/Peel Ply,Gen 2,All-Court,16,5.50,4.25,8.11,124,95%,6.18,36%,244,Medium,1915,55.0,26%,34.9,11%,18%,36.0,Firepower Control+
CRBN 2 Orignal (16 mm),CRBN,$179.99,PBEFFECT,https://a8qh.short.gy/crbn2,2021,USAP,Widebody,Raw Texture/Peel Ply,Gen 1,Control,16,4.75,4.25,7.94,109,13%,7.03,88%,236,,,,,,,,,
CRBN 2X Power Series (14 mm),CRBN,$229.99,PBEFFECT,https://a8qh.short.gy/crbn2x14,2023,USAP,Widebody,Raw Texture/Peel Ply,Gen 2,Power,14,4.75,4.25,7.80,105,3%,6.88,84%,232,,,,,,,,,
CRBN 2X Power Series (16 mm),CRBN,$229.99,PBEFFECT,https://a8qh.short.gy/crbn2x16,2023,USAP,Widebody,Raw Texture/Peel Ply,Gen 2,All-Court,16,4.75,4.25,8.20,112,28%,7.75,100%,237,,,,,,,,,
CRBN 3X Power Series (14 mm),CRBN,$229.99,PBEFFECT,https://a8qh.short.gy/3x14,2023,USAP,Elongated,Raw Texture/Peel Ply,Gen 2,Power,14,5.25,4.25,7.87,116,57%,6.39,52%,240,,,,,,,,,
CRBN 3X Power Series (16 mm),CRBN,$229.99,PBEFFECT,https://a8qh.short.gy/crbn3x16,2023,USAP,Elongated,Raw Texture/Peel Ply,Gen 2,All-Court,16,5.25,4.25,8.18,119,78%,6.79,79%,241,Medium,1920,54.9,22%,35.6,27%,25%,39.0,Firepower Control+
TruFoam Genesis 1,CRBN,$279.99,PBEFFECT,https://a8qh.short.gy/TFG1,2025,USAP/UPA-A,Elongated,Raw Texture/Peel Ply,Gen 4,All-Court,14,5.50,4.13,7.90,118,71%,5.51,5%,244,Very High,2036,55.8,48%,36.6,72%,60%,59.0,Firepower Balanced
TruFoam Genesis 2,CRBN,$279.99,PBEFFECT,https://a8qh.short.gy/TFG2,2025,USAP/UPA-A,Widebody,Raw Texture/Peel Ply,Gen 4,All-Court,14,5.25,4.13,8.20,113,35%,6.70,74%,238,High,1992,55.5,37%,36.8,82%,60%,56.0,Firepower Balanced
TruFoam Genesis 3,CRBN,$279.99,PBEFFECT,https://a8qh.short.gy/TFG3,2025,USAP/UPA-A,Elongated,Raw Texture/Peel Ply,Gen 4,All-Court,14,5.25,4.13,8.30,122,89%,6.30,46%,243,Very High,2030,55.9,52%,36.4,62%,57%,59.0,Firepower Balanced
TruFoam Genesis 4,CRBN,$279.99,PBEFFECT,https://a8qh.short.gy/TFG4,2025,USAP/UPA-A,Hybrid,Raw Texture/Peel Ply,Gen 4,All-Court,14,5.50,4.25,8.00,109,13%,6.30,46%,232,Very High,2040,55.8,48%,36.2,51%,50%,56.0,Firepower Balanced
TruFoam Waves 1,CRBN,$279.99,PBEFFECT,https://a8qh.short.gy/TFW1,2025,USAP/UPA-A,Elongated,Raw Texture/Peel Ply,Gen 4,All-Court,14,5.60,4.25,7.90,119,78%,5.93,21%,245,High,1995,56.5,77%,36.2,51%,64%,65.0,Firepower High
TruFoam Waves 2,CRBN,$279.99,PBEFFECT,https://a8qh.short.gy/TFW2,2025,USAP/UPA-A,Widebody,Raw Texture/Peel Ply,Gen 4,All-Court,14,5.50,4.25,8.12,112,28%,7.02,88%,235,Very High,2021,56.2,65%,36.6,72%,69%,64.0,Firepower Balanced
TruFoam Waves 3,CRBN,$279.99,PBEFFECT,https://a8qh.short.gy/TFW3,2025,USAP/UPA-A,Elongated,Raw Texture/Peel Ply,Gen 4,All-Court,14,5.30,4.25,8.18,119,78%,6.61,67%,240,High,1988,56.4,73%,36.4,62%,68%,65.0,Firepower High
TruFoam Waves 4,CRBN,$279.99,PBEFFECT,https://a8qh.short.gy/TFW4,2025,USAP/UPA-A,Hybrid,Raw Texture/Peel Ply,Gen 4,All-Court,14,5.50,4.25,8.00,112,28%,6.68,73%,237,Very High,2056,56.0,56%,36.5,67%,62%,61.0,Firepower Balanced
BluCore Max 19mm,Diadem,$280.00,PBEFFECT,https://a8qh.short.gy/BCM19,2025,USAP,Widebody,Raw Texture/Peel Ply,Gen 4,Control,19,5.00,4.25,8.40,108,10%,7.45,98%,228,Medium,1926,54.9,22%,36.2,51%,37%,44.0,Firepower Control+
BluCore Pro 16mm,Diadem,$280.00,PBEFFECT,https://a8qh.short.gy/BCP16,2025,USAP,Elongated,Raw Texture/Peel Ply,Gen 4,Control,16,5.50,4.25,8.10,112,28%,5.81,13%,234,High,1936,53.4,8%,35.0,12%,10%,15.0,Firepower Soft
BluCore Standard 14mm,Diadem,$280.00,PBEFFECT,https://a8qh.short.gy/BCS14,2025,USAP,Elongated,Raw Texture/Peel Ply,Gen 4,Control,14,5.25,4.25,7.80,107,6%,5.58,6%,232,High,1935,53.4,8%,36.0,41%,24%,23.0,Firepower Soft
Edge 18k,Diadem,$229.95,PBEFFECT,https://a8qh.short.gy/18k,2023,USAP,Elongated,Raw Texture/Peel Ply,Gen 1,Control,16,5.00,4.13,7.80,117,64%,6.21,39%,244,,,,,,,,,
Edge 18k Power Max,Diadem,$239.95,PBEFFECT,https://a8qh.short.gy/18PM,2024,USAP,Widebody,Raw Texture/Peel Ply,Gen 2,Control,16,5.00,4.13,8.16,109,13%,7.87,100%,232,,,,,,,,,
Edge 18k Speed Pro,Diadem,$239.95,PBEFFECT,https://a8qh.short.gy/18SP,2024,USAP,Elongated,Raw Texture/Peel Ply,Gen 2,All-Court,14,5.70,4.13,8.03,124,95%,6.31,48%,249,,,,,,,,,
Edge Blucore Hybrid 14,Diadem,$249.95,PBEFFECT,https://a8qh.short.gy/ebc-h14,2025,USAP,Hybrid,Raw Texture/Peel Ply,Gen 4,All-Court,14,5.70,4.13,8.00,110,18%,6.40,53%,232,Very High,2081,56.1,61%,36.5,67%,64%,62.0,Firepower Balanced
Edge Blucore Hybrid 16,Diadem,$249.95,PBEFFECT,https://a8qh.short.gy/ebc-h16,2025,USAP,Hybrid,Raw Texture/Peel Ply,Gen 4,All-Court,16,5.70,4.13,8.14,115,49%,6.75,77%,236,Very High,2112,56.3,68%,36.1,46%,57%,62.0,Firepower Balanced
Edge Blucore Pro 14,Diadem,$249.95,PBEFFECT,https://a8qh.short.gy/ebc-p14,2025,USAP,Elongated,Raw Texture/Peel Ply,Gen 4,All-Court,14,5.70,4.13,7.90,117,64%,6.10,30%,241,,,,,,,,,
Edge Blucore Pro 16,Diadem,$249.95,PBEFFECT,https://a8qh.short.gy/ebc-p16,2025,USAP,Elongated,Raw Texture/Peel Ply,Gen 4,All-Court,16,5.70,4.13,8.12,122,89%,6.65,70%,243,,,,,,,,,
Icon Infinity Max,Diadem,$219.95,PBEFFECT,https://a8qh.short.gy/IPM,2024,USAP,Widebody,Paint Grit,Gen 2,All-Court,14,5.00,4.13,8.25,113,35%,7.35,96%,236,,,,,,,,,
Zephyr,Element 6,$139.99,PBEFFECT,https://a8qh.short.gy/zephyr,2025,USAP,Hybrid,Raw Texture/Peel Ply,Gen 4,Power,16,5.50,4.25,7.82,108,10%,6.84,82%,234,Very High,2021,58.0,99%,37.4,98%,99%,93.0,Firepower Elite
Fuego,Element6,$199.99,PBEFFECT,https://a8qh.short.gy/fuego,2025,USAP,Elongated,Raw Texture/Peel Ply,Gen 3,Power,14,5.50,4.20,8.00,121,86%,6.61,67%,246,Very High,2016,55.7,43%,35.4,20%,31%,48.0,Firepower Control+
Surtr,Element6,$199.00,PBEFFECT,https://a8qh.short.gy/surtr,2025,USAP,Hybrid,Raw Texture/Peel Ply,Gen 4,Power,16,5.50,4.25,8.10,115,49%,6.54,61%,240,High,1961,57.2,96%,36.3,57%,77%,75.0,Firepower High
Alpha Pro 14,Engage,$259.99,PBEFFECT,https://a8qh.short.gy/14AP,2025,USAP/UPA-A,Elongated,Raw Texture/Peel Ply,Gen 3,Power,14,5.50,4.25,8.00,112,28%,5.96,23%,240,Very High,2097,56.6,81%,36.3,57%,69%,67.0,Firepower High
Alpha Pro 16,Engage,$259.99,PBEFFECT,https://a8qh.short.gy/AP16,2025,USAP,Elongated,Raw Texture/Peel Ply,Gen 3,All-Court,16,5.50,4.25,8.00,113,35%,6.21,39%,238,Very High,2085,56.4,74%,36.2,51%,62%,64.0,Firepower Balanced
Profoam,Engage,$229.99,PBEFFECT,https://a8qh.short.gy/profoam,2025,USAP/UPA-A,Elongated,Raw Texture/Peel Ply,Gen 4,All-Court,14,5.25,4.25,8.06,122,89%,6.40,53%,247,High,1955,56.5,77%,36.0,41%,59%,63.0,Firepower Balanced
Pursuit Pro EX,Engage,$259.99,PBEFFECT,https://a8qh.short.gy/PEX,2023,USAP,Widebody,Raw Texture/Peel Ply,Gen 1,Power,13,5.00,4.25,8.00,110,18%,6.77,78%,236,High,1952,55.2,30%,36.6,72%,51%,51.0,Firepower Balanced
Pursuit Pro EX 6.0,Engage,$259.99,PBEFFECT,https://a8qh.short.gy/PEX6.0,2023,USAP,Widebody,Raw Texture/Peel Ply,Gen 1,All-Court,16,5.00,4.25,7.92,115,49%,7.37,97%,243,High,1946,55.7,43%,36.1,46%,44%,54.0,Firepower Balanced
Pursuit Pro MX,Engage,$259.99,PBEFFECT,https://a8qh.short.gy/PMX,2023,USAP,Elongated,Raw Texture/Peel Ply,Gen 1,Power,13,5.75,4.25,8.06,119,78%,5.88,16%,239,,,56.1,61%,36.5,67%,64%,62.0,Firepower Balanced
Pursuit Pro MX 6.0,Engage,$259.99,PBEFFECT,https://a8qh.short.gy/PMX6.0,2023,USAP,Elongated,Raw Texture/Peel Ply,Gen 1,All-Court,16,5.75,4.25,7.87,125,97%,6.57,64%,254,,,56.8,86%,35.7,31%,58%,65.0,Firepower High
Pursuit Pro1 (Lite),Engage,$259.99,PBEFFECT,https://a8qh.short.gy/Pro1,2024,USAP,Elongated,Raw Texture/Peel Ply,Gen 1,All-Court,13,5.88,4.25,7.85,112,28%,5.83,14%,234,High,1964,55.4,34%,36.6,72%,53%,53.0,Firepower Balanced
Pursuit Pro1 (Standard),Engage,$259.99,PBEFFECT,https://a8qh.short.gy/Pro1,2024,USAP,Elongated,Raw Texture/Peel Ply,Gen 1,All-Court,13,5.88,4.25,8.04,114,43%,5.94,21%,232,High,1956,55.9,52%,36.4,62%,57%,59.0,Firepower Balanced
Pursuit Pro1 6.0 (Lite),Engage,$259.99,PBEFFECT,https://a8qh.short.gy/Pro16.0,2024,USAP,Elongated,Raw Texture/Peel Ply,Gen 1,All-Court,16,5.88,4.25,7.66,115,49%,5.81,13%,241,High,1948,55.8,48%,37.1,92%,70%,62.0,Firepower Balanced
Pursuit Pro1 6.0 (Standard),Engage,$259.99,PBEFFECT,https://a8qh.short.gy/Pro16.0,2024,USAP,Elongated,Raw Texture/Peel Ply,Gen 1,All-Court,16,5.88,4.25,8.01,115,49%,5.83,14%,235,High,1959,55.6,40%,36.6,72%,56%,56.0,Firepower Balanced
Pursuit Pro1 6.0 Hybrid,Engage,$259.99,PBEFFECT,https://a8qh.short.gy/pro16.0h,2025,USAP,Hybrid,Raw Texture/Peel Ply,Gen 1,Control,15,5.50,4.25,7.96,111,23%,6.22,39%,237,High,1961,54.1,13%,35.0,12%,13%,25.0,Firepower Soft
Pursuit Pro1 6.0 Widebody,Engage,$259.99,PBEFFECT,https://a8qh.short.gy/pro16.0w,2025,USAP,Widebody,Raw Texture/Peel Ply,Gen 1,Control,15,5.00,4.25,8.06,113,35%,7.60,99%,240,High,1980,54.8,21%,35.0,12%,17%,34.0,Firepower Soft
Pursuit Pro1 Hybrid,Engage,$259.99,PBEFFECT,https://a8qh.short.gy/pro1h,2025,USAP,Hybrid,Raw Texture/Peel Ply,Gen 1,All-Court,13,5.50,4.25,7.96,101,1%,5.50,5%,220,Very High,2026,53.4,8%,36.0,41%,24%,23.0,Firepower Soft
Pursuit Pro1 Innovation 12.7,Engage,$279.99,PBEFFECT,https://a8qh.short.gy/EI12.7,2025,USAP,Elongated,Raw Texture/Peel Ply,Gen 1,Power,13,5.60,4.25,7.90,120,83%,5.90,18%,244,Very High,2059,56.1,61%,36.6,72%,67%,63.0,Firepower Balanced
Pursuit Pro1 Innovation 15.2,Engage,$279.99,PBEFFECT,https://a8qh.short.gy/EI15.2,2025,USAP,Elongated,Raw Texture/Peel Ply,Gen 1,Power,15,5.60,4.25,7.92,125,97%,6.31,48%,252,Very High,2020,55.8,48%,36.0,41%,45%,54.0,Firepower Balanced
Pursuit Pro1 Widebody,Engage,$259.99,PBEFFECT,https://a8qh.short.gy/pro1w,2025,USAP,Widebody,Raw Texture/Peel Ply,Gen 1,Control,13,5.00,4.25,8.10,105,3%,6.64,69%,224,Very High,2019,53.2,6%,35.5,23%,15%,17.0,Firepower Soft
Pursuit V2,Engage,$179.99,PBEFFECT,https://a8qh.short.gy/PV2,2024,USAP,Hybrid,Raw Texture/Peel Ply,Gen 1,All-Court,15,5.30,4.25,7.85,111,23%,5.94,21%,235,Very High,2119,55.2,30%,36.3,57%,44%,49.0,Firepower Control+
Duo Elongated,Enhance,$174.99,PBEFFECT,https://a8qh.short.gy/duo-e,2025,USAP,Elongated,Raw Texture/Peel Ply,Gen 4,Power,16,5.50,4.25,8.10,119,78%,6.30,46%,243,Very High,2063,56.9,90%,36.7,79%,85%,74.0,Firepower High
Gen 4.5,Enhance,$175.00,PBEFFECT,https://a8qh.short.gy/4.5,2025,USAP,Elongated,Raw Texture/Peel Ply,Gen 4,Power,16,5.50,4.10,8.20,122,89%,6.20,38%,241,Very High,2036,56.3,68%,36.3,57%,63%,63.0,Firepower Balanced
Turbo EPP Elongated,Enhance,$119.99,PBEFFECT,Coming March 1,2026,USAP,Elongated,Raw Texture/Peel Ply,Gen 4,Power,16,5.50,4.13,7.95,117,64%,6.25,42%,241,,,,,,,,,
Turbo EPP Hybrid,Enhance,$119.99,PBEFFECT,Coming March 1,2026,USAP,Hybrid,Raw Texture/Peel Ply,Gen 4,Power,16,6.00,4.13,8.00,112,28%,6.45,56%,236,,,,,,,,,
Turbo EPP Widebody,Enhance,$119.99,PBEFFECT,Coming March 1,2026,USAP,Widebody,Raw Texture/Peel Ply,Gen 4,Power,16,5.50,4.13,8.00,109,13%,6.92,85%,233,,,,,,,,,
Turbo MPP Elongated,Enhance,$119.99,PBEFFECT,Coming March 1,2026,USAP,Elongated,Raw Texture/Peel Ply,Gen 4,Power,16,5.50,4.13,8.00,119,78%,6.30,46%,242,,,,,,,,,
Runout E,F+B,$199.99,PBEFFECT,https://a8qh.short.gy/ROE,2025,USAP,Elongated,Raw Texture/Peel Ply,Gen 1.5,All-Court,13,5.50,4.10,8.00,114,43%,5.76,11%,239,Very High,2001,56.0,56%,35.9,36%,46%,56.0,Firepower Balanced
Runout H,F+B,$199.99,PBEFFECT,https://a8qh.short.gy/ROH,2025,USAP,Hybrid,Raw Texture/Peel Ply,Gen 1.5,All-Court,13,5.50,4.10,8.10,113,35%,6.25,42%,237,Very High,2010,55.7,43%,36.0,41%,42%,53.0,Firepower Balanced
Runout S,F+B,$199.99,PBEFFECT,https://a8qh.short.gy/ROS,2025,USAP,Widebody,Raw Texture/Peel Ply,Gen 1.5,All-Court,13,5.50,4.10,8.18,110,18%,6.65,70%,234,Very High,2018,55.4,34%,36.2,51%,43%,50.0,Firepower Balanced
F3 Elongated,Flik,$190.00,PBEFFECT,https://a8qh.short.gy/f3e,2026,USAP,Elongated,Raw Texture/Peel Ply,Gen 4,All-Court,16,5.50,4.13,7.95,118,71%,5.97,24%,245,Very High,2102,56.2,68%,36.7,82%,75%,65.0,Firepower High
F3 Hybrid,Flik,$190.00,PBEFFECT,https://a8qh.short.gy/f3h,2026,USAP,Hybrid,Raw Texture/Peel Ply,Gen 4,All-Court,16,5.50,4.13,7.98,116,57%,6.23,40%,245,Very High,2111,56.1,61%,36.6,72%,66%,62.0,Firepower Balanced
F3 Widebody,Flik,$190.00,PBEFFECT,https://a8qh.short.gy/f3w,2026,USAP,Widebody,Raw Texture/Peel Ply,Gen 4,All-Court,16,5.50,4.13,8.00,113,35%,6.64,69%,241,Very High,2093,56.0,61%,36.9,89%,75%,64.0,Firepower Balanced
C45 Dynasty 14,Franklin,$229.99,PBEFFECT,https://a8qh.short.gy/45D14,2025,USAP/UPA-A,Elongated,Raw Texture/Peel Ply,Gen 3,Power,14,5.60,4.30,7.90,117,64%,5.94,21%,231,Very High,2068,56.6,81%,36.4,62%,71%,68.0,Firepower High
C45 Dynasty 16,Franklin,$229.99,PBEFFECT,https://a8qh.short.gy/45D16,2025,USAP/UPA-A,Elongated,Raw Texture/Peel Ply,Gen 3,Power,16,5.60,4.30,7.80,117,64%,5.94,21%,232,Very High,2034,56.4,74%,35.9,36%,55%,61.0,Firepower Balanced
C45 Hybrid,Franklin,$229.99,PBEFFECT,https://a8qh.short.gy/C45,2025,USAP/UPA-A,Hybrid,Raw Texture/Peel Ply,Gen 3,All-Court,14,5.50,4.13,7.55,106,6%,5.60,7%,237,High,1982,54.8,21%,35.3,18%,19%,36.0,Firepower Control+
C45 Parris Todd,Franklin,$229.99,PBEFFECT,https://a8qh.short.gy/pt,2025,USAP/UPA-A,Hybrid,Raw Texture/Peel Ply,Gen 3,,13,,4.13,7.50,104,3%,5.47,4%,234,,,,,,,,,
C45 Tempo 14,Franklin,$229.99,PBEFFECT,https://a8qh.short.gy/45T14,2025,USAP/UPA-A,Widebody,Raw Texture/Peel Ply,Gen 3,All-Court,14,5.00,4.30,7.80,105,3%,6.34,49%,242,Very High,2016,56.1,61%,36.0,41%,51%,58.0,Firepower Balanced
C45 Tempo 16,Franklin,$229.99,PBEFFECT,https://a8qh.short.gy/45T16,2025,USAP/UPA-A,Widebody,Raw Texture/Peel Ply,Gen 3,All-Court,16,5.00,4.30,7.90,105,3%,6.53,60%,243,Very High,2037,55.9,52%,35.8,34%,43%,54.0,Firepower Balanced
Dynasty 12 Feather Weight,Franklin,$149.99,PBEFFECT,https://a8qh.short.gy/F12,2024,USAP/UPA-A,Elongated,Raw Texture/Peel Ply,Gen 2,All-Court,12,5.75,4.30,7.25,109,13%,5.70,10%,242,High,1936,55.7,43%,35.2,16%,29%,47.0,Firepower Control+
FS Tour Dynasty (14mm),Franklin,$150.00,PBEFFECT,https://a8qh.short.gy/D14,2023,USAP,Elongated,Raw Texture/Peel Ply,Gen 2,Power,14,5.60,4.30,8.28,124,95%,6.56,63%,242,High,1975,55.6,40%,35.4,20%,30%,47.0,Firepower Control+
FS Tour Dynasty (16mm),Franklin,$150.00,PBEFFECT,https://a8qh.short.gy/D16,2023,USAP,Elongated,Raw Texture/Peel Ply,Gen 2,All-Court,16,5.60,4.30,8.69,134,100%,7.22,93%,246,Medium,1864,56.1,61%,34.4,4%,33%,46.0,Firepower Control+
FS Tour Tempo (14mm),Franklin,$150.00,PBEFFECT,https://a8qh.short.gy/T14,2023,USAP,Widebody,Raw Texture/Peel Ply,Gen 2,All-Court,14,5.00,4.30,8.47,117,64%,7.23,93%,235,Medium,1920,55.9,52%,35.2,16%,34%,50.0,Firepower Balanced
FS Tour Tempo (16mm),Franklin,$150.00,PBEFFECT,https://a8qh.short.gy/T16,2023,USAP,Widebody,Raw Texture/Peel Ply,Gen 2,Control,16,5.00,4.30,8.90,123,92%,7.68,99%,234,Medium,1925,55.7,43%,33.7,1%,22%,36.0,Firepower Control+
Challenger,Friday,$89.00,PBEFFECT,https://a8qh.short.gy/Friday,2024,USAP,Elongated,Raw Texture/Peel Ply,Gen 2,All-Court,16,5.50,4.25,7.70,112,28%,5.80,12%,238,Medium,1889,55.7,43%,36.2,51%,47%,54.0,Firepower Balanced
Fever,Friday,$99.00,PBEFFECT,https://a8qh.short.gy/Fever,2025,USAP,Elongated,Raw Texture/Peel Ply,Gen 3,Power,16,5.50,4.25,7.75,113,35%,5.66,9%,241,Very High,2035,56.3,68%,36.1,46%,57%,62.0,Firepower Balanced
Fever 2,Friday,$99.00,PBEFFECT,https://a8qh.short.gy/Fever102,2025,USAP,Widebody,Raw Texture/Peel Ply,Gen 3,All-Court,16,5.50,4.25,8.03,112,28%,6.95,86%,238,Very High,2015,55.9,52%,35.6,27%,40%,53.0,Firepower Balanced
Original,Friday,$69.00,PBEFFECT,https://a8qh.short.gy/Friday,2024,USAP,Hybrid,Paint Grit,Gen 2,All-Court,16,5.50,4.25,8.20,118,71%,6.29,45%,239,Medium,1926,56.3,68%,35.3,18%,43%,56.0,Firepower Balanced
RCF-Airbender 16,Gamma,$199.99,PBEFFECT,https://a8qh.short.gy/Bender,2024,USAP,Elongated,Raw Texture/Peel Ply,Gen 2,Control,16,5.30,4.13,8.45,118,71%,5.80,12%,,Medium,1896,54.9,22%,34.9,11%,17%,34.0,Firepower Soft
RCF-Obsidian 10,Gamma,$159.99,PBEFFECT,https://a8qh.short.gy/O10,2024,USAP,Elongated,Raw Texture/Peel Ply,Gen 2,All-Court,10,5.75,4.13,7.90,116,57%,5.87,16%,243,Low,1813,55.0,26%,36.1,46%,36%,45.0,Firepower Control+
RCF-Obsidian 13,Gamma,$159.99,PBEFFECT,https://a8qh.short.gy/O13,2024,USAP,Elongated,Raw Texture/Peel Ply,Gen 2,All-Court,13,5.75,4.13,8.03,116,57%,6.18,36%,240,Medium,1893,54.4,17%,34.8,8%,12%,27.0,Firepower Soft
RCF-Obsidian 16,Gamma,$159.99,PBEFFECT,https://a8qh.short.gy/O16,2024,USAP,Elongated,Raw Texture/Peel Ply,Gen 2,Control,16,5.75,4.13,8.13,120,83%,6.53,60%,244,Medium,1897,55.2,30%,34.6,6%,18%,36.0,Firepower Control+
CX14H Ultimate Power,Gearbox,$249.99,N/A,https://a8qh.short.gy/CX14U,2023,USAP,Widebody,Paint Grit,Gen 1/Edgeless,All-Court,14,5.50,4.00,8.50,96,0%,5.31,2%,203,,,,,,,,,
GX2 Elongated,Gearbox,$269.99,PBEFFECT,https://a8qh.short.gy/GX2E,2025,USAP,Elongated,Raw Texture/Peel Ply,No Gen,All-Court,16,5.50,4.13,7.94,120,83%,5.65,8%,250,Very High,2047,56.0,56%,36.1,46%,51%,58.0,Firepower Balanced
GX2 Hyper,Gearbox,$269.99,PBEFFECT,https://a8qh.short.gy/GX2H,2025,USAP,Widebody,Raw Texture/Peel Ply,No Gen,All-Court,16,5.50,4.13,8.00,109,13%,6.51,60%,240,Very High,2009,55.4,34%,36.1,46%,40%,50.0,Firepower Balanced
GX2 Integra XL,Gearbox,$269.99,PBEFFECT,https://a8qh.short.gy/GX2I,2025,USAP,Hybrid,Raw Texture/Peel Ply,No Gen,All-Court,16,5.50,4.13,7.91,118,71%,5.69,9%,248,Very High,2025,55.9,52%,35.9,36%,44%,55.0,Firepower Balanced
GX2 Power Elongated,Gearbox,$279.99,PBEFFECT,https://a8qh.short.gy/GX2PE,2025,USAP,Elongated,Raw Texture/Peel Ply,No Gen,Power,16,5.50,4.13,8.00,118,71%,6.22,39%,246,Very High,2021,56.9,90%,36.5,67%,79%,72.0,Firepower High
GX2 Power Hybrid,Gearbox,$279.99,PBEFFECT,https://a8qh.short.gy/GX2PH,2025,USAP,Hybrid,Raw Texture/Peel Ply,No Gen,Power,16,5.50,4.13,7.90,113,35%,6.66,71%,242,Very High,2049,56.8,86%,36.6,72%,79%,72.0,Firepower High
Pro Control Elongated,Gearbox,$274.99,N/A,https://a8qh.short.gy/PCE,2023,USAP,Elongated,Raw Texture/Peel Ply,Gen 3/Edgeless,All-Court,14,5.50,4.00,8.07,123,92%,5.01,0%,247,Medium,1914,54.1,13%,34.2,3%,8%,19.0,Firepower Soft
Pro Control Integra,Gearbox,$274.99,N/A,https://a8qh.short.gy/PCF,2023,USAP,Widebody,Raw Texture/Peel Ply,Gen 3/Edgeless,All-Court,14,5.50,4.00,7.95,116,57%,5.12,1%,246,High,1954,53.9,11%,34.8,8%,10%,20.0,Firepower Soft
Pro Power Elongated,Gearbox,$274.99,N/A,https://a8qh.short.gy/PPE,2023,Unapproved,Elongated,Raw Texture/Peel Ply,Gen 3/Edgeless,Power,14,5.50,4.00,7.88,121,86%,5.16,1%,248,High,1986,57.4,97%,36.9,85%,91%,82.0,Firepower Elite
Pro Power Integra,Gearbox,$274.99,N/A,https://a8qh.short.gy/PPF,2023,USAP,Widebody,Raw Texture/Peel Ply,Gen 3/Edgeless,Power,14,5.50,4.00,7.98,114,43%,4.96,0%,241,High,1951,56.1,61%,36.1,46%,54%,59.0,Firepower Balanced
Pro Ultimate Elongated 14,Gearbox,$274.99,N/A,https://a8qh.short.gy/gpu14,2025,USAP,Elongated,Raw Texture/Peel Ply,Gen 3/Edgeless,Power,14,5.50,4.00,8.05,125,97%,5.34,2%,255,High,1993,56.8,86%,36.0,41%,63%,67.0,Firepower High
Pro Ultimate Elongated 16,Gearbox,$274.99,N/A,https://a8qh.short.gy/GPU,2024,USAP,Elongated,Raw Texture/Peel Ply,Gen 3/Edgeless,Power,16,5.50,4.00,8.00,124,95%,5.38,3%,256,High,1987,56.8,86%,35.9,36%,61%,67.0,Firepower High
Pro Ultimate Hyper,Gearbox,$274.99,N/A,https://a8qh.short.gy/PUH,2024,USAP,Widebody,Raw Texture/Peel Ply,Gen 3/Edgeless,Power,16,5.25,4.00,8.00,115,49%,6.36,51%,248,High,1986,56.1,61%,36.6,72%,67%,63.0,Firepower Balanced
Draco,Gherkin,$179.99,PBEFFECT,https://a8qh.short.gy/draco,2026,USAP,Hybrid,Raw Texture/Peel Ply,Gen 4,Power,16,5.50,4.25,8.00,113,35%,6.66,71%,235,Very High,2062,56.8,86%,37.0,89%,88%,75.0,Firepower High
Nightshade E,Gherkin,$135.00,PBEFFECT,https://a8qh.short.gy/nse,2025,USAP,Elongated,Raw Texture/Peel Ply,Gen 2,All-Court,14,5.50,4.13,7.90,116,57%,6.01,25%,242,,,,,,,,,
Nightshade H,Gherkin,$135.00,PBEFFECT,https://a8qh.short.gy/nsh,2025,USAP,Hybrid,Raw Texture/Peel Ply,Gen 2,All-Court,14,5.50,4.13,7.98,113,35%,6.15,35%,238,Very High,2007,54.6,20%,36.2,51%,35%,40.0,Firepower Control+
Wraith E,Gherkin,$135.00,PBEFFECT,https://a8qh.short.gy/wraithE,2025,USAP,Elongated,Raw Texture/Peel Ply,Gen 3,All-Court,16,5.50,4.25,8.00,116,57%,5.96,23%,241,Very High,2061,56.7,84%,36.2,51%,67%,68.0,Firepower High
Wraith H ,Gherkin,$135.00,PBEFFECT,https://a8qh.short.gy/wraithH,2025,USAP,Hybrid,Raw Texture/Peel Ply,Gen 3,All-Court,16,5.50,4.25,8.00,111,23%,6.10,30%,236,Very High,2035,56.7,84%,36.4,62%,73%,69.0,Firepower High
Wraith S,Gherkin,$135.00,PBEFFECT,https://a8qh.short.gy/wraithS,2025,USAP,Widebody,Raw Texture/Peel Ply,Gen 3,All-Court,16,5.50,4.25,7.96,107,6%,6.50,59%,232,Very High,2043,56.6,81%,36.5,67%,74%,68.0,Firepower High
LAZR-16S,Gruvn,$169.99,PBEFFECT,https://a8qh.short.gy/L16S,2024,USAP,Hybrid,Raw Texture/Peel Ply,Gen 2,All-Court,16,5.40,4.13,8.00,108,10%,7.13,91%,234,,,,,,,,,
LAZR-16X,Gruvn,$169.99,PBEFFECT,https://a8qh.short.gy/L16X,2024,USAP,Hybrid,Raw Texture/Peel Ply,Gen 2,All-Court,16,5.50,4.13,8.00,118,71%,6.41,54%,241,,,,,,,,,
LAZR-16X Full Foam,Gruvn,$169.00,PBEFFECT,https://a8qh.short.gy/lfm,2026,USAP,Elongated,Raw Texture/Peel Ply,Gen 4,Power,16,5.50,4.13,7.98,118,71%,6.34,49%,245,Very High,2023,56.6,81%,36.5,67%,74%,68.0,Firepower High
MUVN-13S,Gruvn,$159.00,PBEFFECT,https://a8qh.short.gy/M13S,2024,USAP,Widebody,Raw Texture/Peel Ply,Gen 2,All-Court,13,5.50,4.13,7.90,100,0%,6.40,53%,224,,,,,,,,,
MUVN-16HD Full Foam,Gruvn,$169.00,PBEFFECT,https://a8qh.short.gy/mff,2026,USAP,Hybrid,Raw Texture/Peel Ply,Gen 4,Power,16,5.50,4.13,8.20,115,49%,6.67,71%,240,Very High,2031,55.3,33%,35.8,34%,34%,46.0,Firepower Control+
Boom Tour EX,Head,$200.00,PBEFFECT,https://a8qh.short.gy/BoomT,2024,USAP,Elongated,Raw Texture/Peel Ply,Gen 2,Power,11,5.50,4.13,7.84,116,57%,5.46,4%,244,Very High,2074,56.5,77%,38.2,100%,88%,80.0,Firepower Elite
Radical Nite,Head,$219.00,PBEFFECT,https://a8qh.short.gy/Nite,2024,USAP,Elongated,Paint Grit,Gen 2,Control,15,5.50,4.13,8.11,115,49%,5.91,20%,236,,,,,,,,,
Radical Pro15,Head,$200.00,PBEFFECT,Coming Feb 26,2026,USAP,Widebody,Raw Texture/Peel Ply,Gen 3,,15,5.00,4.13,8.50,120,83%,6.85,82%,235,,,,,,,,,
Radical ProEX15,Head,$200.00,PBEFFECT,Coming Feb 26,2026,USAP,Elongated,Raw Texture/Peel Ply,Gen 3,,15,5.50,4.13,8.13,113,35%,6.56,63%,235,,,,,,,,,
Tour Radical Raw EX,Head,$169.95,PBEFFECT,https://a8qh.short.gy/EXRaw,2023,USAP,Elongated,Raw Texture/Peel Ply,Gen 1,Control,15,5.50,4.13,8.17,115,49%,5.56,6%,236,,,,,,,,,
Aero Metallic TI (16mm),Holbrook,$219.99,PBEFFECT,https://a8qh.short.gy/PAM ,2024,USAP,Elongated,Raw Texture/Peel Ply,Gen 2,All-Court,16,5.50,4.25,7.95,117,64%,5.85,16%,240,High,1982,55.3,33%,35.5,23%,28%,44.0,Firepower Control+
Aero S (16mm),Holbrook,$199.99,PBEFFECT,https://a8qh.short.gy/AS16 ,2024,USAP,Widebody,Raw Texture/Peel Ply,Gen 2,Control,16,5.00,4.25,7.80,105,3%,6.63,69%,232,,,,,,,,,
Aero T (14mm),Holbrook,$199.99,PBEFFECT,https://a8qh.short.gy/AT14 ,2024,USAP,Elongated,Raw Texture/Peel Ply,Gen 2,All-Court,14,5.50,4.25,7.80,115,49%,5.70,10%,241,High,1968,55.7,43%,36.3,57%,50%,55.0,Firepower Balanced
Aero T (16mm),Holbrook,$199.99,PBEFFECT,https://a8qh.short.gy/AT16 ,2024,USAP,Elongated,Raw Texture/Peel Ply,Gen 2,All-Court,16,5.50,4.25,7.81,113,35%,5.69,9%,238,Very High,2016,55.9,52%,36.2,51%,51%,57.0,Firepower Balanced
Aero X (14mm),Holbrook,$199.99,PBEFFECT,https://a8qh.short.gy/AX14 ,2024,USAP,Elongated,Raw Texture/Peel Ply,Gen 2,All-Court,14,5.25,4.25,7.80,112,28%,5.83,14%,239,High,1974,55.2,30%,36.2,51%,40%,48.0,Firepower Control+
Aero X (16mm),Holbrook,$199.99,PBEFFECT,https://a8qh.short.gy/AX16 ,2024,USAP,Elongated,Raw Texture/Peel Ply,Gen 2,All-Court,16,5.25,4.25,7.82,113,35%,5.82,14%,238,High,1974,55.8,48%,36.1,46%,47%,55.0,Firepower Balanced
Arma S,Holbrook,$279.99,PBEFFECT,https://a8qh.short.gy/AS,2025,USAP,Widebody,Raw Texture/Peel Ply,Gen 3,Power,14,,4.25,8.10,112,28%,7.11,91%,236,,,,,,,,,
Arma T,Holbrook,$279.99,PBEFFECT,https://a8qh.short.gy/AT,2025,USAP,Elongated,Raw Texture/Peel Ply,Gen 3,Power,14,5.50,4.25,8.00,117,64%,6.23,40%,242,,,,,,,,,
Arma X,Holbrook,$279.99,PBEFFECT,https://a8qh.short.gy/AX,2025,USAP,Elongated,Raw Texture/Peel Ply,Gen 3,Power,14,,4.25,8.20,118,71%,6.38,52%,240,,,,,,,,,
Fuze Elongated 14,Holbrook,$229.99,Link applies code,https://a8qh.short.gy/fe14,2026,USAP/UPA-A,Elongated,Raw Texture/Peel Ply,Gen 4,Power,14,5.50,4.25,7.80,114,43%,6.20,38%,242,Very High,2016,57.0,93%,36.7,79%,86%,75.0,Firepower High
Fuze Elongated 16,Holbrook,$229.99,Link applies code,https://a8qh.short.gy/fe16,2026,USAP/UPA-A,Elongated,Raw Texture/Peel Ply,Gen 4,Power,16,5.50,4.25,7.94,116,57%,5.95,22%,242,Very High,2058,57.2,96%,36.9,85%,90%,79.0,Firepower High
Fuze Hybrid 16,Holbrook,$229.99,Link applies code,https://a8qh.short.gy/fh16,2026,USAP,Hybrid,Raw Texture/Peel Ply,Gen 4,Power,16,5.50,4.25,7.90,113,35%,6.23,40%,240,Very High,2021,56.9,90%,37.1,92%,91%,77.0,Firepower High
Fuze Widebody 16,Holbrook,$229.99,Link applies code,https://a8qh.short.gy/fw16,2026,USAP,Widebody,Raw Texture/Peel Ply,Gen 4,Power,16,5.50,4.25,7.90,112,28%,6.80,79%,239,Very High,2042,56.9,90%,36.8,82%,86%,75.0,Firepower High
Mav Pro,Holbrook,$219.99,PBEFFECT,https://a8qh.short.gy/MP,2023,USAP,Elongated,Raw Texture/Peel Ply,Gen 2,All-Court,13,5.50,4.25,8.17,123,92%,6.10,30%,245,,,,,,,,,
Power Pro,Holbrook,$219.99,PBEFFECT,https://a8qh.short.gy/HP,2023,USAP,Elongated,Raw Texture/Peel Ply,Gen 2,All-Court,16,5.50,4.25,8.03,121,86%,6.39,52%,241,,,,,,,,,
Pro Power E,Holbrook,$219.99,PBEFFECT,https://a8qh.short.gy/HPE,2023,USAP,Elongated,Raw Texture/Peel Ply,Gen 2,All-Court,16,5.25,4.25,8.25,122,89%,6.68,73%,241,,,,,,,,,
J2FC+,Honolulu Pickleball,$195.00,PBEFFECT,https://a8qh.short.gy/NFC+,2025,USAP,Hybrid,Raw Texture/Peel Ply,Gen 4,Power,16,5.30,4.13,8.00,111,23%,6.70,74%,235,Very High,2002,56.3,68%,36.5,67%,68%,65.0,Firepower High
J2NF,Honolulu Pickleball,$195.00,PBEFFECT,https://a8qh.short.gy/J2NFC,2025,USAP,Hybrid,Raw Texture/Peel Ply,Gen 4,Power,16,5.30,4.13,7.95,110,18%,6.67,71%,236,Very High,2054,56.1,61%,36.2,51%,56%,60.0,Firepower Balanced
J2NF LH,Honolulu Pickleball,$195.00,PBEFFECT,https://a8qh.short.gy/NFLH,2025,USAP,Hybrid,Raw Texture/Peel Ply,Gen 4,Power,16,6.00,4.13,8.00,109,13%,6.60,66%,235,Very High,2060,56.2,65%,36.3,57%,61%,62.0,Firepower Balanced
J2NFK,Honolulu Pickleball,$195.00,PBEFFECT,https://a8qh.short.gy/J2NFK,2025,USAP,Hybrid,Raw Texture/Peel Ply,Gen 4,Power,16,5.30,4.13,8.10,112,28%,6.81,80%,236,Very High,2041,56.4,74%,36.3,57%,65%,64.0,Firepower Balanced
J2NFT,Honolulu Pickleball,$195.00,PBEFFECT,https://a8qh.short.gy/J2NFT,2025,USAP,Hybrid,Raw Texture/Peel Ply,Gen 4,Power,16,5.30,4.13,8.30,114,43%,6.89,84%,236,Very High,2084,56.3,68%,36.0,41%,55%,61.0,Firepower Balanced
J3NF,Honolulu Pickleball,$195.00,PBEFFECT,https://a8qh.short.gy/J3NF,2025,USAP,Widebody,Raw Texture/Peel Ply,Gen 4,Power,16,6.00,4.13,7.98,110,18%,6.70,74%,235,Very High,2073,56.3,68%,36.5,67%,68%,65.0,Firepower High
J6CR,Honolulu Pickleball,$195.00,PBEFFECT,https://a8qh.short.gy/J6CR,2026,USAP,Elongated,Raw Texture/Peel Ply,Gen 4,Power,16,6.00,4.25,8.00,112,28%,6.22,39%,236,Very High,2048,56.7,84%,36.7,79%,82%,71.0,Firepower High
J6FC+,Honolulu Pickleball,$195.00,PBEFFECT,https://a8qh.short.gy/j6fc,2025,USAP,Elongated,Raw Texture/Peel Ply,Gen 4,Power,16,6.00,4.25,8.13,118,71%,6.60,66%,239,,,,,,,,,
J6NF,Honolulu Pickleball,$195.00,PBEFFECT,https://a8qh.short.gy/J6NF,2025,USAP,Elongated,Raw Texture/Peel Ply,Gen 4,Power,16,6.00,4.25,8.10,118,71%,6.57,64%,240,Very High,2050,56.3,68%,36.4,62%,65%,64.0,Firepower Balanced
J7NF,Honolulu Pickleball,$195.00,PBEFFECT,https://a8qh.short.gy/J7NF,2025,USAP,Elongated,Raw Texture/Peel Ply,Gen 4,Power,16,6.00,4.13,8.00,116,57%,5.91,20%,239,,,,,,,,,
Sword & Shield J2,Honolulu Pickleball,$145.00,PBEFFECT,https://a8qh.short.gy/J2,2024,USAP,Hybrid,Raw Texture/Peel Ply,Gen 2,Control,16,5.50,4.13,7.95,110,18%,6.81,80%,236,,,,,,,,,
Sword & Shield J2K,Honolulu Pickleball,$155.00,PBEFFECT,https://a8qh.short.gy/J2K,2024,USAP,Hybrid,Raw Texture/Peel Ply,Gen 2,All-Court,16,5.50,4.13,8.22,115,49%,7.10,90%,237,High,1948,55.1,28%,36.4,62%,45%,48.0,Firepower Control+
Sword & Shield J2K+,Honolulu Pickleball,$165.00,PBEFFECT,https://a8qh.short.gy/J2K+,2025,USAP,Hybrid,Raw Texture/Peel Ply,Gen 3,All-Court,16,5.50,4.13,8.26,115,49%,7.10,90%,238,High,1983,55.0,26%,36.0,41%,33%,44.0,Firepower Control+
Sword & Shield J2Ti,Honolulu Pickleball,$155.00,PBEFFECT,https://a8qh.short.gy/J2Ti,2024,USAP,Hybrid,Raw Texture/Peel Ply,Gen 2,Control,16,5.50,4.13,8.05,111,23%,6.60,66%,235,,,,,,,,,
Sword & Shield J2Ti+,Honolulu Pickleball,$165.00,PBEFFECT,https://a8qh.short.gy/J2Ti+,2025,USAP,Hybrid,Raw Texture/Peel Ply,Gen 3,All-Court,16,5.50,4.13,8.30,116,57%,7.16,92%,239,,,,,,,,,
Sword & Shield J3k,Honolulu Pickleball,$155.00,PBEFFECT,https://a8qh.short.gy/J3K,2024,USAP,Widebody,Raw Texture/Peel Ply,Gen 2,All-Court,16,6.00,4.13,8.28,117,64%,7.22,93%,239,,,,,,,,,
Sword & Shield J7K,Honolulu Pickleball,$155.00,PBEFFECT,https://a8qh.short.gy/J7K,2024,USAP,Extra-elongated,Raw Texture/Peel Ply,Gen 2,Power,16,6.00,4.13,8.25,123,92%,6.36,51%,242,,,,,,,,,
Mage Pro,Hudef,$99.00,PBEFFECT,https://a8qh.short.gy/Mage,2024,USAP,Elongated,Raw Texture/Peel Ply,Gen 2,Control,16,5.35,4.00,7.77,113,35%,6.13,33%,241,,,,,,,,,
Viva Pro Gen 2,Hudef,$129.99,PBEFFECT,https://a8qh.short.gy/VGEN2,2023,USAP,Elongated,Raw Texture/Peel Ply,Gen 2,All-Court,16,5.50,4.13,8.06,125,97%,6.43,55%,251,Medium,1854,55.5,37%,35.4,20%,29%,46.0,Firepower Control+
Viva Pro Gen 3,Hudef,$169.99,PBEFFECT,https://a8qh.short.gy/G3,2024,USAP,Elongated,Raw Texture/Peel Ply,Gen 2,All-Court,16,5.50,4.13,7.76,119,78%,6.16,36%,250,,,,,,,,,
Agassi Edge (16mm),JOOLA,$99.95,N/A,https://a8qh.short.gy/AE16,2025,USAP,Elongated,Raw Texture/Peel Ply,Gen 1,Control,16,5.50,4.25,7.80,109,13%,5.47,4%,236,,,,,,,,,
Agassi Pro (14mm),JOOLA,$279.95,N/A,https://a8qh.short.gy/AP14,2025,USAP/UPA-A,Elongated,Raw Texture/Peel Ply,Gen 3,Power,14,5.50,4.13,8.10,116,57%,6.02,26%,240,Very High,2026,56.4,74%,36.8,82%,78%,68.0,Firepower High
Agassi Pro (16mm),JOOLA,$279.95,N/A,https://a8qh.short.gy/ap16,2025,USAP/UPA-A,Elongated,Raw Texture/Peel Ply,Gen 3,Power,16,5.50,4.25,8.17,117,64%,6.14,33%,238,Very High,2014,,,,,,,
Hyperion 3S (14mm),JOOLA,$279.95,N/A,https://a8qh.short.gy/3SH14,2024,UPA-A,Elongated,Raw Texture/Peel Ply,Gen 3,Power,14,5.50,4.13,7.85,115,49%,6.01,25%,245,High,1967,55.9,52%,36.2,51%,51%,57.0,Firepower Balanced
Hyperion 3S (16mm),JOOLA,$279.95,N/A,https://a8qh.short.gy/3SH16,2024,UPA-A,Elongated,Raw Texture/Peel Ply,Gen 3,Power,16,5.50,4.25,7.90,115,49%,6.12,32%,244,High,1989,57.2,96%,36.9,85%,90%,79.0,Firepower High
Magnus 3S (14mm),JOOLA,$279.95,N/A,https://a8qh.short.gy/3SM14,2024,UPA-A,Elongated,Raw Texture/Peel Ply,Gen 3,Power,14,5.00,4.13,7.90,113,35%,6.13,33%,240,,,,,,,,,
Magnus 3S (16mm),JOOLA,$275.00,N/A,https://a8qh.short.gy/Mag14,2024,UPA-A,Elongated,Raw Texture/Peel Ply,Gen 3,Power,16,5.50,4.25,8.14,118,71%,6.45,56%,242,High,1949,,,,,,,
Mod TA-15 (16mm),JOOLA,$279.95,N/A,https://a8qh.short.gy/Mod16,2024,Unapproved,Elongated,Raw Texture/Peel Ply,Gen 3,Power,16,5.50,4.25,7.84,116,57%,6.10,30%,244,Very High,2014,57.8,99%,37.2,95%,97%,89.0,Firepower Elite
Mod-TA-15 (14mm),JOOLA,$279.95,N/A,https://a8qh.short.gy/mod14,2024,Unapproved,Elongated,Raw Texture/Peel Ply,Gen 3,Power,14,5.50,4.13,7.56,112,28%,5.77,11%,243,Very High,2044,58.4,100%,37.9,99%,100%,100.0,Firepower Elite
Perseus (14 mm),JOOLA,$249.99,N/A,https://a8qh.short.gy/P14,2023,USAP,Elongated,Raw Texture/Peel Ply,Gen 2,Power,14,5.50,4.13,7.93,121,86%,5.77,11%,247,,,,,,,,,
Perseus (16 mm),JOOLA,$249.99,N/A,https://a8qh.short.gy/P16,2023,USAP,Elongated,Raw Texture/Peel Ply,Gen 2,Control,16,5.50,4.25,7.85,117,64%,5.87,16%,244,Low,1818,52.8,2%,34.8,8%,5%,6.0,Firepower Soft
Perseus 3S (14mm),JOOLA,$279.95,N/A,https://a8qh.short.gy/3SP14,2024,UPA-A,Elongated,Raw Texture/Peel Ply,Gen 3,Power,14,5.50,4.13,7.90,117,64%,6.00,24%,244,,,56.4,74%,37.0,89%,81%,70.0,Firepower High
Perseus Pro IV (14mm),JOOLA,$279.95,N/A,https://a8qh.short.gy/PP14,2025,USAP/UPA-A,Elongated,Raw Texture/Peel Ply,Gen 3,Power,14,5.50,4.13,7.95,116,57%,6.08,29%,241,High,1964,56.1,61%,37.1,92%,77%,66.0,Firepower High
Perseus Pro IV (16mm),JOOLA,$279.95,N/A,https://a8qh.short.gy/PP416,2025,USAP/UPA-A,Elongated,Raw Texture/Peel Ply,Gen 3,Power,16,5.50,4.25,8.20,118,71%,6.29,45%,242,High,1971,56.5,77%,36.9,85%,81%,70.0,Firepower High
Scorpeus (14 mm),JOOLA,$249.99,N/A,https://a8qh.short.gy/S14,2023,USAP,Widebody,Raw Texture/Peel Ply,Gen 2,All-Court,14,5.25,4.13,7.65,108,10%,6.45,56%,238,Medium,1856,52.8,2%,35.6,27%,15%,12.0,Firepower Soft
Scorpeus (16 mm),JOOLA,$249.99,N/A,https://a8qh.short.gy/S16,2023,USAP,Widebody,Raw Texture/Peel Ply,Gen 2,Control,16,5.25,4.25,8.02,113,35%,6.86,83%,238,Low,1845,52.6,2%,34.6,6%,4%,2.0,Firepower Soft
Scorpeus 3S (14mm),JOOLA,$279.95,N/A,https://a8qh.short.gy/3SS14,2024,UPA-A,Widebody,Raw Texture/Peel Ply,Gen 3,Power,14,5.50,4.13,7.85,111,23%,6.78,78%,240,Very High,2068,56.0,56%,36.5,67%,62%,61.0,Firepower Balanced
Scorpeus 3S (16mm),JOOLA,$279.95,N/A,https://a8qh.short.gy/S3S16,2024,UPA-A,Widebody,Raw Texture/Peel Ply,Gen 3,Power,16,5.50,4.25,8.12,116,57%,7.23,93%,241,Very High,2011,56.2,65%,37.2,95%,80%,68.0,Firepower High
Scorpeus Pro IV (14mm),JOOLA,$279.95,N/A,https://a8qh.short.gy/S414,2025,USAP/UPA-A,Widebody,Raw Texture/Peel Ply,Gen 3,Power,14,5.50,4.13,8.16,111,23%,7.04,89%,237,Very High,2002,56.7,84%,36.4,62%,73%,69.0,Firepower High
Scorpeus Pro IV (16 mm),JOOLA,$279.95,N/A,https://a8qh.short.gy/S416,2025,USAP/UPA-A,Widebody,Raw Texture/Peel Ply,Gen 3,Power,16,5.50,4.25,8.16,111,23%,7.09,89%,236,Very High,2027,56.6,81%,36.7,79%,80%,70.0,Firepower High
Hyperion 3S (16mm),JOOLA,$279.95,N/A,https://a8qh.short.gy/H3S16,2024,UPA-A,Elongated,Raw Texture/Peel Ply,Gen 3,Power,16,5.50,4.25,7.89,115,49%,6.10,30%,243,Very High,2010,56.6,81%,36.6,72%,77%,69.0,Firepower High
Perseus 3S (16mm),JOOLA,$279.95,N/A,https://a8qh.short.gy/P3S16,2024,UPA-A,Elongated,Raw Texture/Peel Ply,Gen 3,Power,16,5.50,4.25,8.00,121,86%,6.27,44%,245,High,1983,56.4,74%,36.7,79%,76%,67.0,Firepower High
Glider,Luzz,$129.00,PBEFFECT,https://a8qh.short.gy/glid,2025,USAP,Hybrid,Raw Texture/Peel Ply,Gen 3,All-Court,16,5.30,4.15,7.87,107,6%,6.14,33%,236,Very High,2077,56.1,61%,36.2,51%,56%,60.0,Firepower Balanced
Pro Blade 2,LUZZ,,PBEFFECT,Coming Soon,2026,USAP/UPA-A,,Raw Texture/Peel Ply,Gen 4,,14,5.50,4.13,7.90,116,57%,6.01,25%,240,,,,,,,,,
Pro Cannon,Luzz,$109.00,PBEFFECT,https://a8qh.short.gy/cannon,2025,USAP/UPA-A,Elongated,Raw Texture/Peel Ply,Gen 3,Power,16,5.50,4.25,7.90,119,78%,6.21,39%,244,Very High,2076,56.8,86%,36.6,72%,79%,72.0,Firepower High
Pro-4 Inferno,Luzz,$229.00,PBEFFECT,https://a8qh.short.gy/inferno,2025,USAP/UPA-A,Elongated,Raw Texture/Peel Ply,Gen 4,Power,16,5.50,4.25,7.88,119,78%,6.17,36%,244,Very High,2027,57.1,95%,37.1,92%,94%,79.0,Firepower High
Tornazo,Luzz,$229.00,PBEFFECT,https://a8qh.short.gy/tornazo,2025,USAP/UPA-A,Elongated,Raw Texture/Peel Ply,Gen 4,Power,16,5.50,4.25,7.90,118,71%,6.05,28%,245,Very High,2111,56.9,90%,36.9,85%,88%,75.0,Firepower High
02 R3,Mark,$189.99,PBEFFECT,https://a8qh.short.gy/m02r3,2026,USAP,Elongated,Raw Texture/Peel Ply,Gen 4,Power,16,5.60,4.13,8.00,117,64%,5.89,17%,242,,,,,,,,,
One,Mark,$159.99,PBEFFECT,https://a8qh.short.gy/One,2024,USAP,Hybrid,Raw Texture/Peel Ply,Gen 2,All-Court,16,5.30,4.13,8.18,119,78%,6.57,64%,242,,,,,,,,,
OneX,Mark,$159.99,PBEFFECT,https://a8qh.short.gy/OneX,2024,USAP,Hybrid,Raw Texture/Peel Ply,Gen 2,All-Court,16,5.75,4.13,7.94,117,64%,6.46,57%,244,,,,,,,,,
Two,Mark,$159.99,PBEFFECT,https://a8qh.short.gy/M2,2024,USAP,Elongated,Raw Texture/Peel Ply,Gen 2,All-Court,16,5.30,4.13,8.24,123,92%,6.66,71%,245,,,,,,,,,
Havik-15 All-Court,Maverix,$180.00,PBEFFECT,https://a8qh.short.gy/15AC,2024,USAP,Elongated,Raw Texture/Peel Ply,Gen 2,Control,15,5.30,4.13,8.18,118,71%,6.57,64%,239,Medium,1893,55.2,30%,36.1,46%,38%,47.0,Firepower Control+
Havik-15 Pro,Maverix,$200.00,PBEFFECT,https://a8qh.short.gy/15Pro,2024,USAP,Elongated,Raw Texture/Peel Ply,Gen 2,All-Court,15,5.30,4.13,8.23,118,71%,6.46,57%,240,Medium,1889,55.5,37%,36.6,72%,55%,55.0,Firepower Balanced
Flare Prime X,Neonic,$139.99,PBEFFECT,https://a8qh.short.gy/FPX14,2024,USAP,Widebody,Raw Texture/Peel Ply,Gen 2,All-Court,14,5.50,4.13,7.77,107,6%,6.75,77%,237,Very High,2003,55.6,40%,35.6,27%,33%,49.0,Firepower Control+
Flare Titanium 16mm,Neonic,$149.99,PBEFFECT,https://a8qh.short.gy/FT16,2024,USAP,Widebody,Raw Texture/Peel Ply,Gen 2,Control,16,5.50,4.13,8.15,114,43%,7.06,89%,239,Very High,2015,55.2,30%,35.5,23%,26%,43.0,Firepower Control+
Flow,Neonic,$129.99,PBEFFECT,https://a8qh.short.gy/Flow,2024,USAP,Hybrid,Raw Texture/Peel Ply,Gen 2,Control,16,5.20,4.13,8.14,117,64%,6.58,66%,238,Medium,1914,54.2,15%,34.7,7%,11%,24.0,Firepower Soft
Flow Prime X,Neonic,$139.99,PBEFFECT,https://a8qh.short.gy/NFX,2024,USAP,Hybrid,Raw Texture/Peel Ply,Gen 2,All-Court,16,5.50,4.13,7.80,111,23%,6.11,31%,240,,,,,,,,,
Force,Neonic,$99.99,PBEFFECT,https://a8qh.short.gy/force16,2023,USAP,Elongated,Raw Texture/Peel Ply,Gen 2,All-Court,16,5.30,4.13,8.06,116,57%,6.35,50%,238,Low,1814,54.3,16%,34.8,8%,12%,26.0,Firepower Soft
Bantam ALW-C 12.7,Paddletek,$250.00,N/A,https://a8qh.short.gy/alw12,2024,USAP/UPA-A,Widebody,Raw Texture/Peel Ply,Gen 1,Power,13,5.25,4.25,7.55,102,1%,6.54,61%,234,Very High,2083,55.7,43%,37.1,92%,67%,61.0,Firepower Balanced
Bantam ALW-C 14.3,Paddletek,$250.00,N/A,https://a8qh.short.gy/alw14,2024,USAP/UPA-A,Widebody,Raw Texture/Peel Ply,Gen 1,All-Court,14,5.25,4.25,7.70,105,3%,6.50,59%,237,Very High,2056,55.4,34%,36.3,57%,46%,51.0,Firepower Balanced
Bantam ESQ-C 12.7,Paddletek,$250.00,N/A,https://a8qh.short.gy/esq12,2024,USAP/UPA-A,Widebody,Raw Texture/Peel Ply,Gen 1,Power,13,5.50,4.25,7.82,103,2%,6.78,78%,236,Very High,2071,55.9,52%,37.2,95%,74%,64.0,Firepower Balanced
Bantam ESQ-C 14.3,Paddletek,$250.00,N/A,https://a8qh.short.gy/esq14,2024,USAP/UPA-A,Widebody,Raw Texture/Peel Ply,Gen 1,All-Court,14,5.50,4.25,7.85,106,6%,6.69,73%,232,Very High,2059,55.6,40%,36.6,72%,56%,56.0,Firepower Balanced
Bantam GTO-C 12.7,Paddletek,$250.00,N/A,https://a8qh.short.gy/GTO12,2025,USAP,Hybrid,Raw Texture/Peel Ply,Gen 1,Power,13,5.75,5.75,7.90,118,71%,7.55,99%,247,,,,,,,,,
Bantam GTO-C 14.3,Paddletek,$250.00,N/A,https://a8qh.short.gy/GTO14,2025,USAP/UPA-A,Hybrid,Raw Texture/Peel Ply,Gen 1,All-Court,14,5.75,5.75,7.93,117,64%,6.69,73%,244,,,,,,,,,
Bantam TKO-C 12.7,Paddletek,$229.99,N/A,https://a8qh.short.gy/C12.7,2024,USAP,Elongated,Raw Texture/Peel Ply,Gen 1,Power,13,5.25,4.25,7.78,114,43%,6.60,66%,243,Medium,1903,56.6,81%,37.7,99%,90%,77.0,Firepower High
Bantam TKO-C 14.3,Paddletek,$229.99,N/A,https://a8qh.short.gy/C14.3,2024,USAP/UPA-A,Elongated,Raw Texture/Peel Ply,Gen 1,Power,14,5.25,4.25,7.75,115,49%,6.48,58%,245,Medium,1910,56.8,86%,37.4,98%,92%,78.0,Firepower High
Bantam TKO-CX 12.7,Paddletek,$229.99,N/A,https://a8qh.short.gy/CX12.7,2024,USAP/UPA-A,Elongated,Raw Texture/Peel Ply,Gen 1,Power,13,5.75,4.25,7.82,117,64%,6.97,87%,247,,,,,,,,,
Bantam TKO-CX 14.3,Paddletek,$229.99,N/A,https://a8qh.short.gy/CX14.3,2024,USAP/UPA-A,Elongated,Raw Texture/Peel Ply,Gen 1,Power,14,5.75,4.25,8.06,123,92%,7.35,96%,250,,,,,,,,,
Tempest Wave Pro-C,Paddletek,$209.99,N/A,https://a8qh.short.gy/WPro,2024,USAP,Widebody,Raw Texture/Peel Ply,Gen 1,All-Court,14,5.25,4.25,7.92,108,10%,6.98,87%,236,Low,1835,54.5,19%,35.7,31%,25%,35.0,Firepower Control+
Charm S,Pickleball Apes,$199.99,PBEFFECT,https://a8qh.short.gy/charm-s,2025,USAP,Hybrid,Raw Texture/Peel Ply,Gen 4,All-Court,16,5.50,4.25,8.10,115,49%,6.32,48%,240,Very High,2051,56.5,77%,36.3,57%,67%,66.0,Firepower High
Charm V,Pickleball Apes,$199.99,PBEFFECT,https://a8qh.short.gy/charm-v,2025,USAP,Widebody,Raw Texture/Peel Ply,Gen 4,All-Court,16,5.50,4.25,8.14,111,23%,7.36,97%,236,Very High,2012,56.5,77%,36.4,62%,69%,66.0,Firepower High
Charm X,Pickleball Apes,$199.99,PBEFFECT,https://a8qh.short.gy/charm-x,2025,USAP,Elongated,Raw Texture/Peel Ply,Gen 4,All-Court,16,5.75,4.25,8.18,124,95%,6.30,46%,246,Very High,2075,56.3,68%,36.5,67%,68%,65.0,Firepower High
Harmony S,Pickleball Apes,$179.99,PBEFFECT,https://a8qh.short.gy/HAS,2025,USAP,Hybrid,Raw Texture/Peel Ply,Gen 3,Control,16,5.50,4.25,7.90,114,43%,6.25,42%,240,,,,,,,,,
Harmony V,Pickleball Apes,$179.99,PBEFFECT,https://a8qh.short.gy/HAV,2025,USAP,Widebody,Raw Texture/Peel Ply,Gen 3,Control,16,5.50,4.25,7.90,109,13%,7.23,93%,234,,,,,,,,,
Harmony X,Pickleball Apes,$179.99,PBEFFECT,https://a8qh.short.gy/HAX,2025,USAP,Elongated,Raw Texture/Peel Ply,Gen 3,Control,16,5.75,4.25,8.00,120,83%,6.12,32%,245,Very High,2035,53.7,10%,35.5,23%,17%,23.0,Firepower Soft
Joy S,Pickleball Apes,$109.99,PBEFFECT,Coming Feb 19,2026,USAP,Hybrid,Raw Texture/Peel Ply,Gen 4,,16,5.30,4.13,7.80,110,18%,6.08,29%,237,,,,,,,,,
Joy S +,Pickleball Apes,$109.99,PBEFFECT,Coming Feb 19,2026,USAP,Hybrid,Raw Texture/Peel Ply,Gen 4,,16,5.30,4.13,7.97,111,23%,6.61,67%,237,,,,,,,,,
Pro Line Energy,Pickleball Apes,$149.99,PBEFFECT,https://a8qh.short.gy/ApesE,2023,USAP,Extra-elongated,Raw Texture/Peel Ply,Gen 2,Power,17,6.25,4.25,8.16,127,98%,5.89,17%,248,,,54.9,22%,,,,,
Pro Line Energy S,Pickleball Apes,$169.99,PBEFFECT,https://a8qh.short.gy/ApesES,2023,USAP,Hybrid,Raw Texture/Peel Ply,Gen 2,All-Court,17,5.50,4.25,8.10,116,57%,6.26,43%,238,,,52.0,1%,,,,,
Pulse E,Pickleball Apes,$199.99,PBEFFECT,https://a8qh.short.gy/PulseE ,2024,USAP,Extra-elongated,Raw Texture/Peel Ply,Gen 3,All-Court,17,6.25,4.25,8.26,127,98%,5.89,17%,247,High,1986,55.7,43%,35.9,36%,39%,52.0,Firepower Balanced
Pulse S,Pickleball Apes,$199.99,PBEFFECT,https://a8qh.short.gy/PulseS ,2024,USAP,Hybrid,Raw Texture/Peel Ply,Gen 3,All-Court,17,5.50,4.25,7.98,114,43%,6.24,42%,240,High,1971,54.9,22%,36.2,51%,37%,44.0,Firepower Control+
Pulse V,Pickleball Apes,$199.99,PBEFFECT,https://a8qh.short.gy/PulseV ,2024,USAP,Widebody,Raw Texture/Peel Ply,Gen 3,All-Court,17,5.50,4.25,8.13,112,28%,7.37,97%,237,High,1978,54.7,20%,36.1,46%,33%,41.0,Firepower Control+
Pulse X,Pickleball Apes,$199.99,PBEFFECT,https://a8qh.short.gy/PulseX,2025,USAP,Elongated,Raw Texture/Peel Ply,Gen 3,All-Court,16,5.50,4.25,8.10,121,86%,6.14,33%,245,,,,,,,,,
Hurricane Pro 14mm,PIKKL,$159.99,PBEFFECT,https://a8qh.short.gy/HP14,2024,USAP/UPA-A,Widebody,Raw Texture/Peel Ply,Gen 2,Control,14,5.50,4.25,7.83,108,10%,6.67,71%,237,High,1979,53.1,6%,35.5,23%,15%,15.0,Firepower Soft
Hurricane Pro 16mm,PIKKL,$159.99,PBEFFECT,https://a8qh.short.gy/H16,2024,USAP,Widebody,Raw Texture/Peel Ply,Gen 2,Control,16,5.50,4.25,7.90,111,23%,6.95,86%,238,High,1991,52.8,2%,35.3,18%,10%,10.0,Firepower Soft
Vantage Pro 14mm,PIKKL,$139.99,PBEFFECT,https://a8qh.short.gy/VP14,2023,USAP,Hybrid,Raw Texture/Peel Ply,Gen 2,Control,14,5.30,4.25,8.04,115,49%,6.28,45%,236,High,1998,53.2,6%,,,,,
Vantage Pro 16mm,PIKKL,$139.99,PBEFFECT,https://a8qh.short.gy/VP16,2023,USAP/UPA-A,Hybrid,Raw Texture/Peel Ply,Gen 2,Control,16,5.30,4.25,8.40,121,86%,6.69,73%,237,High,1996,53.7,10%,,,,,
Black Ace 14,Prokennex,$279.00,PBEFFECT,https://a8qh.short.gy/BA14,2024,USAP,Widebody,Raw Texture/Peel Ply,Gen 1.5/Edgeless,All-Court,14,5.30,4.00,7.80,102,1%,6.57,64%,224,Very High,2042,54.9,22%,37.1,92%,57%,51.0,Firepower Balanced
Black Ace 16,Prokennex,$279.00,PBEFFECT,https://a8qh.short.gy/BA16,2024,USAP,Widebody,Raw Texture/Peel Ply,Gen 1.5/Edgeless,Control,16,5.30,4.00,8.00,109,13%,6.92,85%,234,Very High,2056,55.4,34%,36.3,57%,46%,51.0,Firepower Balanced
Black Ace LG 14,Prokennex,$279.00,PBEFFECT,https://a8qh.short.gy/LG14,2024,USAP/UPA-A,Elongated,Raw Texture/Peel Ply,Gen 1.5/Edgeless,Power,14,5.90,4.00,7.80,107,6%,5.60,7%,229,Very High,2056,55.7,43%,37.1,92%,67%,61.0,Firepower Balanced
Black Ace XF 14,Prokennex,$279.00,PBEFFECT,https://a8qh.short.gy/XF14,2024,USAP,Elongated,Raw Texture/Peel Ply,Gen 1.5/Edgeless,All-Court,14,5.10,4.00,7.80,101,1%,5.40,3%,221,High,1993,54.7,20%,36.4,62%,41%,43.0,Firepower Control+
Project Flamingo,Proton,$280.00,Link applies code,https://a8qh.short.gy/PF,2025,USAP/UPA-A,Elongated,Raw Texture/Peel Ply,Gen 3,Power,15,5.25,4.25,8.16,121,86%,6.78,78%,242,High,1982,55.9,52%,37.4,98%,75%,66.0,Firepower High
Project Peacock,Proton,$280.00,Link applies code,https://a8qh.short.gy/pp,2025,USAP/UPA-A,Elongated,Raw Texture/Peel Ply,Gen 4,Power,15,5.25,4.25,8.00,116,57%,6.27,44%,243,Very High,2093,56.8,86%,36.9,85%,86%,74.0,Firepower High
Series 1 Type A Elongated 11mm,Proton,$280.00,PBEFFECT,https://a8qh.short.gy/S1AE11,2024,USAP,Elongated,Nanotak,Gen 1,,11,5.50,4.25,8.14,124,95%,5.91,20%,247,,,,,,,,,
Series 1 Type A Elongated 15mm,Proton,$280.00,PBEFFECT,https://a8qh.short.gy/1AE15,2024,USAP,Elongated,Nanotak,Gen 1,,15,5.50,4.25,8.60,135,100%,6.52,60%,251,High,1938,55.9,52%,35.9,36%,44%,55.0,Firepower Balanced
Series 1 Type A Square Shape 11mm,Proton,$280.00,PBEFFECT,https://a8qh.short.gy/1AS11,2024,USAP,Widebody,Nanotak,Gen 1,,11,5.25,4.25,7.96,114,43%,6.59,66%,242,High,2000,54.4,17%,36.1,46%,31%,37.0,Firepower Control+
Series 2,Proton,$220.00,PBEFFECT,https://a8qh.short.gy/S2,2024,USAP,Hybrid,Paint Grit,Gen 1/Edgeless,,15,5.38,4.25,8.38,121,86%,5.92,21%,240,,,,,,,,,
Series 3,Proton,$250.00,PBEFFECT,https://a8qh.short.gy/S3,2024,USAP,Elongated,Raw Texture/Peel Ply,Gen 2,,16,5.30,4.25,8.20,124,95%,6.88,84%,245,,,,,,,,,
Series 4,Proton,$300.00,PBEFFECT,https://a8qh.short.gy/S4,2024,USAP,Elongated,Raw Texture/Peel Ply,Gen 2/Edgeless,,16,5.30,4.25,7.80,111,23%,5.51,5%,237,High,1944,54.9,22%,34.6,6%,14%,32.0,Firepower Soft
Sweet Spot 13,ProXR,$210.00,PBEFFECT,https://a8qh.short.gy/SP13,2024,USAP,Widebody,Raw Texture/Peel Ply,Gen 2,,13,5.25,4.00,8.10,115,49%,6.99,87%,238,,,,,,,,,
Zane Navtratil Signature,ProXR,$209.99,PBEFFECT,https://a8qh.short.gy/zn14,2023,USAP,Elongated,Raw Texture/Peel Ply,Gen 1.5,All-Court,14,6.00,4.00,8.24,115,49%,5.71,10%,233,,,,,,,,,
RLD-1,Reload,$200.00,PBEFFECT,https://a8qh.short.gy/Reload,2024,USAP,Elongated,Raw Texture/Peel Ply,Gen 2,All-Court,16,5.50,4.13,8.17,122,89%,6.37,52%,245,High,1973,55.5,37%,35.1,15%,26%,44.0,Firepower Control+
Zeus,Rev,$149.00,PBEFFECT,https://a8qh.short.gy/ZEUS,2024,USAP,Hybrid,Raw Texture/Peel Ply,Gen 2,Power,14,5.25,4.20,8.00,113,35%,6.35,50%,239,,,,,,,,,
Drift Pure,Revolin,$174.99,PBEFFECT,https://a8qh.short.gy/RDP,2025,USAP,Widebody,Raw Texture/Peel Ply,Gen 1,All-Court,16,5.00,4.25,8.08,109,13%,6.55,63%,232,Very High,2072,55.6,40%,35.9,36%,38%,51.0,Firepower Balanced
Drift Reach,Revolin,$174.99,PBEFFECT,https://a8qh.short.gy/RDR,2025,USAP,Elongated,Raw Texture/Peel Ply,Gen 1,All-Court,16,5.50,4.25,8.23,118,71%,5.72,10%,237,High,1980,55.7,43%,36.1,46%,44%,54.0,Firepower Balanced
Revo Pro Pure,Revolin,$219.99,PBEFFECT,https://a8qh.short.gy/Pure,2024,USAP,Widebody,Raw Texture/Peel Ply,Gen 1,Power,16,5.25,4.25,8.00,103,2%,6.53,60%,226,High,1958,56.0,56%,37.1,92%,74%,65.0,Firepower High
Revo Pro Reach,Revolin,$219.99,PBEFFECT,https://a8qh.short.gy/Reach,2024,USAP,Elongated,Raw Texture/Peel Ply,Gen 1,Power,16,5.50,4.25,7.91,109,13%,5.59,6%,233,Medium,1851,56.3,68%,36.9,85%,77%,67.0,Firepower High
Pulsar FX.R1,Ronbus,$180.00,PBEFFECT,https://a8qh.short.gy/R1FX,2024,USAP,Elongated,Raw Texture/Peel Ply,Gen 2,All-Court,16,5.50,4.13,8.21,120,83%,6.23,40%,243,Medium,1907,55.0,26%,35.9,36%,31%,43.0,Firepower Control+
Pulsar FX.R2,Ronbus,$180.00,PBEFFECT,https://a8qh.short.gy/R2FX,2024,USAP,Widebody,Raw Texture/Peel Ply,Gen 2,All-Court,16,5.50,4.13,8.18,113,35%,7.05,89%,237,Medium,1900,54.9,22%,35.5,23%,23%,39.0,Firepower Control+
Pulsar FX.R3,Ronbus,$180.00,PBEFFECT,https://a8qh.short.gy/R3FX,2024,USAP,Elongated,Raw Texture/Peel Ply,Gen 2,All-Court,16,5.50,4.13,8.22,123,92%,6.27,44%,245,High,1946,55.4,34%,35.6,27%,31%,46.0,Firepower Control+
Quanta R1,Ronbus,$119.00,PBEFFECT,https://a8qh.short.gy/QR1,2025,USAP,Elongated,Raw Texture/Peel Ply,Gen 4,Power,16,5.50,4.13,7.65,107,6%,5.60,7%,236,,,,,,,,,
Quanta R2,Ronbus,$119.00,PBEFFECT,https://a8qh.short.gy/QR2,2025,USAP,Widebody,Raw Texture/Peel Ply,Gen 4,Power,16,5.50,4.13,7.68,103,2%,6.25,42%,232,,,,,,,,,
Quanta R3,Ronbus,$119.00,PBEFFECT,https://a8qh.short.gy/QR3,2025,USAP,Elongated,Raw Texture/Peel Ply,Gen 4,Power,16,5.50,4.13,7.69,113,35%,5.64,8%,240,,,,,,,,,
Quanta R4,Ronbus,$119.00,PBEFFECT,https://a8qh.short.gy/QR4,2025,USAP,Hybrid,Raw Texture/Peel Ply,Gen 4,Power,16,5.50,4.13,7.70,105,3%,5.90,18%,235,Very High,2065,56.5,77%,37.0,89%,83%,71.0,Firepower High
Quanta R5,Ronbus,$119.00,PBEFFECT,https://a8qh.short.gy/QR5,2025,USAP,Widebody,Raw Texture/Peel Ply,Gen 4,Power,16,5.50,4.13,7.70,103,2%,6.15,35%,232,Very High,2110,56.6,81%,36.9,85%,83%,71.0,Firepower High
R1 Nova,Ronbus,$180.00,PBEFFECT,https://a8qh.short.gy/R1Nova,2023,USAP,Elongated,Raw Texture/Peel Ply,Gen 2,Control,16,5.50,4.13,8.14,118,71%,6.00,24%,242,Medium,1883,54.4,17%,34.2,3%,10%,23.0,Firepower Soft
R1 Pulsar,Ronbus,$170.00,PBEFFECT,https://a8qh.short.gy/R1P,2023,USAP,Elongated,Raw Texture/Peel Ply,Gen 2,All-Court,16,5.50,4.13,7.87,114,43%,6.12,32%,237,,,,,,,,,
R1.16,Ronbus,$120.00,PBEFFECT,https://a8qh.short.gy/R1.16,2022,USAP,Elongated,Raw Texture/Peel Ply,Gen 1,Control,16,5.50,4.13,7.96,118,71%,6.11,31%,242,High,1950,53.7,10%,33.7,1%,6%,10.0,Firepower Soft
R3 Nova,Ronbus,$180.00,PBEFFECT,https://a8qh.short.gy/R3N,2023,USAP,Elongated,Raw Texture/Peel Ply,Gen 2,Control,16,5.50,4.13,8.07,120,83%,6.04,27%,245,,,55.0,26%,34.8,8%,17%,35.0,Firepower Control+
R3 Pulsar,Ronbus,$170.00,PBEFFECT,https://a8qh.short.gy/R3P,2023,USAP,Elongated,Raw Texture/Peel Ply,Gen 2,All-Court,16,5.50,4.13,7.98,122,89%,6.15,35%,245,Medium,1903,55.2,30%,35.4,20%,25%,42.0,Firepower Control+
R3.16,Ronbus,$120.00,PBEFFECT,https://a8qh.short.gy/R3.16,2022,USAP,Elongated,Raw Texture/Peel Ply,Gen 1,Control,16,5.50,4.13,7.73,119,78%,5.84,15%,247,,,,,,,,,
Ripple V2 R1.14,Ronbus,$280.00,PBEFFECT,https://a8qh.short.gy/rip1v2,2025,USAP,Elongated,Raw Texture/Peel Ply,Gen 3,Power,14,5.50,4.13,8.20,128,99%,5.88,16%,250,Very High,2023,57.6,98%,36.6,72%,85%,82.0,Firepower Elite
Ripple V2 R2.14,Ronbus,$280.00,PBEFFECT,https://a8qh.short.gy/ripr2v2,2025,USAP,Widebody,Raw Texture/Peel Ply,Gen 3,Power,14,5.50,4.13,8.20,119,78%,6.60,66%,244,Very High,2005,56.9,90%,37.2,95%,93%,78.0,Firepower High
Ripple V2 R4.14,Ronbus,$280.00,PBEFFECT,https://a8qh.short.gy/ripr4v2,2025,USAP,Hybrid,Raw Texture/Peel Ply,Gen 3,Power,14,5.50,4.13,8.00,118,71%,5.90,18%,245,Very High,2015,57.0,93%,37.0,89%,91%,77.0,Firepower High
Friction Pro Elongated 14,RPM,$249.99,PBEFFECT,https://a8qh.short.gy/rpme14,2025,USAP,Elongated,Raw Texture/Peel Ply,Gen 3,Power,14,5.50,4.00,7.81,115,49%,6.00,24%,242,Very High,2121,56.2,65%,36.5,67%,66%,63.0,Firepower Balanced
Friction Pro Elongated 16,RPM,$249.99,PBEFFECT,https://a8qh.short.gy/rpme,2025,USAP,Elongated,Raw Texture/Peel Ply,Gen 3,Power,16,5.50,4.25,7.90,117,64%,6.14,33%,243,Very High,2106,56.6,81%,36.7,79%,80%,70.0,Firepower High
Friction Pro Widebody 14,RPM,$249.99,PBEFFECT,https://a8qh.short.gy/rmpw,2025,USAP,Widebody,Raw Texture/Peel Ply,Gen 3,Power,14,5.50,4.00,7.93,110,18%,7.10,90%,237,Very High,2035,56.0,56%,36.2,51%,54%,58.0,Firepower Balanced
Friction Pro Widebody 16,RPM,$249.99,PBEFFECT,https://a8qh.short.gy/rmpw,2025,USAP,Widebody,Raw Texture/Peel Ply,Gen 3,Power,16,5.50,4.25,7.95,110,18%,7.24,94%,236,Very High,2109,56.3,68%,36.3,57%,63%,63.0,Firepower Balanced
Amped Epic Control,Selkirk,$160.00,INF-BRAYDONU,https://a8qh.short.gy/AmpE,2024,USAP,Widebody,Paint Grit,Gen 1,Control,16,5.25,4.25,8.00,105,3%,6.54,61%,230,,,,,,,,,
Amped Epic Pro Air,Selkirk,$180.00,INF-BRAYDONU,https://a8qh.short.gy/APE,2024,USAP,Widebody,Paint Grit,Gen 1.5/Edgeless,Power,16,5.25,4.25,7.97,112,28%,6.87,83%,240,Medium,1909,55.1,28%,36.1,46%,37%,46.0,Firepower Control+
Amped Invikta Pro Air,Selkirk,$180.00,INF-BRAYDONU,https://a8qh.short.gy/API,2024,USAP,Elongated,Paint Grit,Gen 1.5/Edgeless,Power,16,5.25,4.25,7.86,118,71%,5.90,18%,246,Medium,1895,55.5,37%,36.3,57%,47%,53.0,Firepower Balanced
Boomstick Elongated,Selkirk,$333.00,INF-BRAYDONU,https://a8qh.short.gy/BSE,2025,USAP,Elongated,Durable Texture,Gen 4,Power,16,5.80,4.25,8.40,121,86%,6.92,85%,239,High,1989,57.1,95%,37.3,97%,96%,81.0,Firepower Elite
Boomstick Widebody,Selkirk,$333.00,INF-BRAYDONU,https://a8qh.short.gy/BSW,2025,USAP,Widebody,Durable Texture,Gen 4,Power,16,5.60,4.25,8.30,113,35%,7.72,100%,233,High,1980,56.8,86%,37.2,95%,91%,76.0,Firepower High
Luxx Control Air Epic,Selkirk,$250.00,INF-BRAYDONU,https://a8qh.short.gy/LEpic,2023,USAP,Widebody,Paint Grit,Gen 1.5/Edgeless,Control,20,5.25,4.25,8.08,112,28%,6.35,50%,238,Medium,1873,51.2,0%,33.1,1%,1%,0.0,Firepower Soft
Luxx Control Air Invikta,Selkirk,$250.00,INF-BRAYDONU,https://a8qh.short.gy/LInvikta,2023,USAP,Elongated,Paint Grit,Gen 1.5/Edgeless,Control,20,5.25,4.25,7.96,115,49%,5.78,12%,242,Medium,1858,52.0,1%,33.2,1%,1%,0.0,Firepower Soft
Luxx Control Air Invikta Infinigrit,Selkirk,$280.00,INF-BRAYDONU,https://a8qh.short.gy/Luxxi,2025,USAP,Elongated,Paint Grit,Gen 2,Control,19,5.50,4.25,8.05,117,64%,5.83,14%,243,High,1993,54.2,15%,35.3,18%,16%,28.0,Firepower Soft
Luxx Control Air S2,Selkirk,$250.00,INF-BRAYDONU,https://a8qh.short.gy/LS2,2023,USAP,Widebody,Paint Grit,Gen 1.5/Edgeless,Control,20,4.50,4.25,8.17,107,6%,7.13,91%,233,Medium,1870,50.3,0%,32.9,0%,0%,0.0,Firepower Soft
Power Air Epic,Selkirk,$249.99,INF-BRAYDONU,https://a8qh.short.gy/EAir,2022,USAP,Widebody,Paint Grit,Gen 1.5/Edgeless,Power,13,5.25,4.25,8.04,104,3%,6.35,50%,229,Medium,1884,53.2,6%,36.6,72%,39%,25.0,Firepower Soft
Power Air Invikta,Selkirk,$249.99,INF-BRAYDONU,https://a8qh.short.gy/IAir,2022,USAP,Elongated,Paint Grit,Gen 1.5/Edgeless,Power,13,5.25,4.25,8.00,112,28%,5.62,8%,237,Medium,1894,53.5,9%,36.5,67%,38%,28.0,Firepower Soft
SLK Dauntless Elongated,Selkirk,$180.00,INF-BRAYDONU,Coming Feb 17,2026,USAP,Elongated,Raw Texture/Peel Ply,Gen 4,Control,16,5.80,4.25,7.90,117,64%,6.56,63%,244,,,,,,,,,
SLK Dauntless Widebody,Selkirk,$180.00,INF-BRAYDONU,Coming Feb 17,2026,USAP,Widebody,Raw Texture/Peel Ply,Gen 4,Control,16,5.60,4.25,7.86,110,18%,7.36,97%,240,,,,,,,,,
Vanguard Control Epic (midweight),Selkirk,$200.00,INF-BRAYDONU,https://a8qh.short.gy/VCEpic,2024,USAP,Widebody,Raw Texture/Peel Ply,Gen 1,Control,16,5.30,4.25,8.14,112,28%,6.37,52%,236,,,,,,,,,
Vanguard Control Invikta (mideweight),Selkirk,$200.00,INF-BRAYDONU,https://a8qh.short.gy/VCInvikta,2024,USAP,Elongated,Raw Texture/Peel Ply,Gen 1,Control,16,5.50,4.25,7.97,113,35%,5.65,8%,237,,,,,,,,,
Vanguard Control S2 (midweight),Selkirk,$200.00,INF-BRAYDONU,https://a8qh.short.gy/VCS2,2024,USAP,Widebody,Raw Texture/Peel Ply,Gen 1,Control,16,4.70,4.25,8.01,105,3%,7.09,89%,230,,,,,,,,,
Vanguard Pro Power Invikta,Selkirk,$220.00,INF-BRAYDONU,https://a8qh.short.gy/ProPI,2024,USAP,Elongated,Raw Texture/Peel Ply,Gen 2,All-Court,16,5.50,4.25,8.03,114,43%,5.89,17%,237,High,1937,55.7,43%,35.2,16%,29%,47.0,Firepower Control+
008 Epic 13mm,Selkirk Labs,$288.00,INF-BRAYDONU,https://a8qh.short.gy/813e,2025,USAP,Widebody,Raw Texture/Peel Ply,Gen 4,Control,13,5.30,4.25,7.75,102,1%,5.81,13%,229,High,1954,54.8,21%,35.4,20%,21%,37.0,Firepower Control+
008 Invikta 10mm,Selkirk Labs,$288.00,INF-BRAYDONU,https://a8qh.short.gy/00810,2025,USAP,Elongated,Raw Texture/Peel Ply,Gen 4,All-Court,10,5.50,4.25,7.90,110,18%,5.20,2%,234,High,1995,55.0,26%,35.6,27%,26%,41.0,Firepower Control+
008 Invikta 13mm,Selkirk Labs,$288.00,INF-BRAYDONU,https://a8qh.short.gy/813I,2025,USAP,Elongated,Raw Texture/Peel Ply,Gen 4,Control,13,5.50,4.25,7.70,109,13%,5.40,3%,236,High,1965,55.1,28%,35.3,18%,23%,40.0,Firepower Control+
008 Tour 13mm,Selkirk Labs,$288.00,INF-BRAYDONU,https://a8qh.short.gy/813T,2025,USAP,Elongated,Raw Texture/Peel Ply,Gen 4,Control,13,6.00,4.25,7.90,112,28%,5.36,3%,237,High,1991,54.7,20%,35.0,12%,16%,32.0,Firepower Soft
008 Tour 16mm,Selkirk Labs,$288.00,INF-BRAYDONU,https://a8qh.short.gy/816,2025,USAP,Elongated,Raw Texture/Peel Ply,Gen 4,Control,16,6.00,4.25,8.10,116,57%,5.52,6%,239,High,1969,55.2,30%,34.8,8%,19%,37.0,Firepower Control+
Project 005 Epic,Selkirk Labs,$222.00,INF-BRAYDONU,https://a8qh.short.gy/005,2023,USAP,Widebody,Paint Grit,Gen 2/Edgeless,All-Court,16,5.25,4.25,7.97,110,18%,6.88,84%,238,,,,,,,,,
Project 006 Maxima,Selkirk Labs,$333.00,INF-BRAYDONU,https://a8qh.short.gy/006,2023,USAP,Elongated,Raw Texture/Peel Ply,Gen 2,Control,16,5.75,4.25,8.39,118,71%,5.97,24%,236,Low,1848,54.1,13%,34.4,4%,9%,20.0,Firepower Soft
Project 007 Epic 14mm,Selkirk Labs,$333.00,INF-BRAYDONU,https://a8qh.short.gy/007E14,2024,USAP,Widebody,Durable Texture,Gen 2/Edgeless,Power,14,5.25,4.25,8.13,113,35%,6.50,59%,239,High,1981,55.5,37%,36.8,82%,60%,56.0,Firepower Balanced
Project 007 Invikta 14mm,Selkirk Labs,$333.00,INF-BRAYDONU,https://a8qh.short.gy/00714,2024,USAP,Elongated,Durable Texture,Gen 2,Power,14,,4.25,8.13,118,71%,5.94,21%,243,Very High,2005,56.5,77%,36.3,57%,67%,66.0,Firepower High
Black Diamond 14mm,Six Zero,$180.00,PBEFFECT,https://a8qh.short.gy/BD14,2024,USAP,Hybrid,Raw Texture/Peel Ply,Gen 2,Power,14,5.50,4.25,8.00,112,28%,6.46,57%,237,High,1988,55.6,40%,36.8,82%,61%,58.0,Firepower Balanced
Black Diamond 16mm,Six Zero,$179.99,PBEFFECT,https://a8qh.short.gy/BD,2023,USAP,Hybrid,Raw Texture/Peel Ply,Gen 2,Power,16,5.50,4.25,8.07,114,43%,6.67,71%,239,High,1981,55.9,52%,36.3,57%,55%,58.0,Firepower Balanced
Black Diamond Amethyst Pro,Six Zero,$199.00,PBEFFECT,https://a8qh.short.gy/BDPRO,2023,USAP,Hybrid,Raw Texture/Peel Ply,Gen 2,Power,16,5.50,4.25,8.23,115,49%,6.72,76%,234,,,,,,,,,
Black Diamond Infinity 16mm,Six Zero,$220.00,PBEFFECT,https://a8qh.short.gy/BDi,2023,USAP,Hybrid,Raw Texture/Peel Ply,Gen 2/Edgeless,All-Court,16,5.50,4.25,7.97,107,6%,5.80,12%,229,High,1990,52.8,2%,35.4,20%,11%,11.0,Firepower Soft
Black Opal ,Six Zero,$250.00,PBEFFECT,https://a8qh.short.gy/bo,2025,USAP/UPA-A,Hybrid,Raw Texture/Peel Ply,Gen 4,Power,14,5.50,4.25,8.10,114,43%,6.30,46%,239,Very High,2024,57.6,98%,37.0,89%,94%,85.0,Firepower Elite
Coral Elongated,Six Zero,$200.00,PBEFFECT,https://a8qh.short.gy/ce,2025,USAP,Elongated,Raw Texture/Peel Ply,Gen 4,All-Court,16,5.75,4.25,8.00,113,35%,6.03,27%,238,Very High,2023,56.4,74%,36.6,72%,73%,67.0,Firepower High
Coral Hybrid,Six Zero,$200.00,PBEFFECT,https://a8qh.short.gy/ch,2025,USAP,Hybrid,Raw Texture/Peel Ply,Gen 4,All-Court,16,5.50,4.25,8.16,112,28%,6.52,60%,236,High,1977,56.3,68%,36.4,62%,65%,64.0,Firepower Balanced
Coral Widebody,Six Zero,$200.00,PBEFFECT,https://a8qh.short.gy/cw,2025,USAP,Widebody,Raw Texture/Peel Ply,Gen 4,All-Court,16,5.50,4.25,8.26,108,10%,7.33,96%,231,Very High,2001,56.1,61%,36.4,62%,62%,61.0,Firepower Balanced
Double Black Diamond (Elongated),Six Zero,$189.99,PBEFFECT,https://a8qh.short.gy/DBDe,2024,USAP,Extra-elongated,Raw Texture/Peel Ply,Gen 2,All-Court,15,6.00,4.25,8.18,122,89%,5.74,11%,242,High,1931,56.0,56%,36.2,51%,54%,58.0,Firepower Balanced
Double Black Diamond 14 mm,Six Zero,$179.99,PBEFFECT,https://a8qh.short.gy/DBD,2023,USAP,Hybrid,Raw Texture/Peel Ply,Gen 2,All-Court,14,5.50,4.25,7.87,110,18%,6.18,36%,237,Medium,1925,53.5,9%,36.9,85%,47%,31.0,Firepower Soft
Double Black Diamond 16 mm,Six Zero,$179.99,PBEFFECT,https://a8qh.short.gy/DBD,2023,USAP,Hybrid,Raw Texture/Peel Ply,Gen 2,All-Court,16,5.50,4.25,8.07,114,43%,6.55,63%,237,,,53.7,10%,35.9,36%,23%,26.0,Firepower Soft
Double Black Diamond Infinity 16mm,Six Zero,$220.00,PBEFFECT,https://a8qh.short.gy/DBDI,2023,USAP,Hybrid,Raw Texture/Peel Ply,Gen 2/Edgeless,Control,16,5.50,4.25,8.10,110,18%,5.90,18%,231,,,,,,,,,
Infinity Ruby,Six Zero,$220.00,PBEFFECT,https://a8qh.short.gy/IR,2024,USAP,Hybrid,Raw Texture/Peel Ply,Gen 2/Edgeless,Control,16,5.50,4.25,8.50,116,57%,6.00,24%,234,,,,,,,,,
Quartz,Six Zero,$89.99,PBEFFECT,https://a8qh.short.gy/Q,2024,USAP,Widebody,Raw Texture/Peel Ply,Gen 1,Control,15,5.00,4.25,7.97,108,10%,6.43,55%,234,High,1949,52.8,2%,34.8,8%,5%,6.0,Firepower Soft
Ruby,Six Zero,$200.00,PBEFFECT,https://a8qh.short.gy/ruby,2023,USAP,Hybrid,Raw Texture/Peel Ply,Gen 2,All-Court,16,5.50,4.25,8.33,117,64%,6.81,80%,238,Low,,53.9,11%,35.3,18%,14%,24.0,Firepower Soft
Ruby (14mm),Six Zero,$199.99,PBEFFECT,https://a8qh.short.gy/R14,2024,USAP,Hybrid,Raw Texture/Peel Ply,Gen 2,Power,14,5.50,4.25,8.10,114,43%,6.53,60%,238,High,1965,55.4,34%,36.9,85%,60%,56.0,Firepower Balanced
Ruby Pro,Six Zero,$225.00,PBEFFECT,https://a8qh.short.gy/r-pro,2025,USAP,Hybrid,Raw Texture/Peel Ply,Gen 3,All-Court,14,5.50,4.25,8.10,114,43%,6.27,44%,238,,,,,,,,,
Sapphire,Six Zero,$99.99,PBEFFECT,https://a8qh.short.gy/Sap,2023,USAP,Elongated,Paint Grit,Gen 1.5,Power,13,5.50,4.25,7.90,111,23%,5.40,3%,224,,,,,,,,,
Sapphire V2,Six Zero,$139.99,PBEFFECT,https://a8qh.short.gy/SV2,2024,USAP,Elongated,Raw Texture/Peel Ply,Gen 2,Power,13,5.60,4.25,7.85,116,57%,6.19,38%,241,,,,,,,,,
ERA Power Elongated,SLK,$200.00,INF-BRAYDONU,https://a8qh.short.gy/ERAE,2025,USAP/UPA-A,Elongated,Raw Texture/Peel Ply,Gen 3,Power,16,5.75,4.25,8.00,117,64%,6.28,45%,241,,,,,,,,,
ERA Power Widebody,SLK,$200.00,INF-BRAYDONU,https://a8qh.short.gy/ERAW,2025,USAP/UPA-A,Widebody,Raw Texture/Peel Ply,Gen 3,Power,16,5.60,4.25,8.14,111,23%,7.16,92%,235,,,,,,,,,
Halo Control Max,SLK,$139.99,INF-BRAYDONU,https://a8qh.short.gy/halo,2022,USAP,Widebody,Raw Texture/Peel Ply,Gen 1,Control,16,4.75,4.50,7.94,111,23%,6.94,86%,237,,,,,,,,,
Halo Control Max (2024 version),SLK,$130.00,INF-BRAYDONU,https://a8qh.short.gy/HCM,2024,USAP,Widebody,Raw Texture/Peel Ply,Gen 1,Control,16,4.85,4.25,7.90,110,18%,6.77,78%,237,High,1983,54.1,13%,34.2,3%,8%,19.0,Firepower Soft
Halo Control XL,SLK,$139.99,INF-BRAYDONU,https://a8qh.short.gy/halo,2022,USAP,Elongated,Raw Texture/Peel Ply,Gen 1,Control,16,5.60,4.50,8.10,122,89%,6.07,28%,244,,,,,,,,,
Halo Power Max,SLK,$139.99,INF-BRAYDONU,https://a8qh.short.gy/halo,2022,USAP,Widebody,Raw Texture/Peel Ply,Gen 1,All-Court,13,4.75,4.00,7.97,110,18%,6.54,61%,234,,,,,,,,,
Halo Power Max (2024 version),SLK,$130.00,INF-BRAYDONU,https://a8qh.short.gy/HPM,2024,USAP,Widebody,Raw Texture/Peel Ply,Gen 1,All-Court,13,4.85,4.25,7.70,103,2%,6.81,80%,231,High,2000,55.5,37%,35.7,31%,34%,48.0,Firepower Control+
Halo Power XL,SLK,$139.99,INF-BRAYDONU,https://a8qh.short.gy/halo,2022,USAP,Elongated,Raw Texture/Peel Ply,Gen 1,All-Court,13,5.60,4.00,7.97,120,83%,5.59,6%,245,,,,,,,,,
Halo Pro Max,SLK,$150.00,INF-BRAYDONU,https://a8qh.short.gy/Mpro,2024,USAP,Widebody,Raw Texture/Peel Ply,Gen 2,All-Court,14,4.85,4.25,7.92,108,10%,7.00,87%,234,High,1953,55.1,28%,35.5,23%,26%,41.0,Firepower Control+
Halo Pro XL,SLK,$150.00,INF-BRAYDONU,https://a8qh.short.gy/SLKPXL ,2024,USAP,Elongated,Raw Texture/Peel Ply,Gen 2,All-Court,14,5.75,4.25,7.98,120,83%,5.90,18%,245,High,1939,55.6,40%,36.6,72%,56%,56.0,Firepower Balanced
Apollo,Spartus,$129.99,PBEFFECT,https://a8qh.short.gy/Apollo,2024,USAP,Widebody,Raw Texture/Peel Ply,Gen 2,Control,16,5.50,4.13,8.07,108,10%,7.54,98%,232,Medium,1927,53.5,9%,35.0,12%,10%,17.0,Firepower Soft
Ballista,Spartus,$159.99,PBEFFECT,https://a8qh.short.gy/B,2023,USAP,Elongated,Raw Texture/Peel Ply,Gen 2/Edgeless,All-Court,16,5.50,4.13,7.94,113,35%,5.59,6%,239,,,,,,,,,
Gladius Centurion,Spartus,$99.99,PBEFFECT,https://a8qh.short.gy/GC,2023,USAP,Elongated,Raw Texture/Peel Ply,Gen 2,Control,16,5.50,4.13,7.98,121,86%,6.06,28%,243,,,,,,,,,
Odyssey Apex,Spartus,$89.99,PBEFFECT,https://a8qh.short.gy/OA,2025,USAP,Hybrid,Raw Texture/Peel Ply,Gen 1,Control,16,5.35,4.25,7.90,110,18%,6.56,63%,236,Very High,2019,54.5,19%,35.2,16%,17%,31.0,Firepower Soft
Olympus,Spartus,$199.99,PBEFFECT,https://a8qh.short.gy/SO,2024,USAP,Hybrid,Raw Texture/Peel Ply,Gen 3,All-Court,14,5.50,4.13,8.00,113,35%,6.32,48%,238,Very High,2043,55.7,43%,36.5,67%,55%,57.0,Firepower Balanced
Orion,Spartus,$89.99,PBEFFECT,https://a8qh.short.gy/ORA,2025,USAP,Elongated,Raw Texture/Peel Ply,Gen 1,Control,16,5.85,4.25,7.93,116,57%,6.00,24%,241,Very High,2027,55.4,34%,35.5,23%,29%,45.0,Firepower Control+
P1 Hybrid,Spartus,$219.99,PBEFFECT,https://a8qh.short.gy/p1h,2026,USAP,Hybrid,Durable Texture,Gen 4,Power,16,5.30,4.25,8.12,115,49%,6.70,74%,238,Very High,2047,56.8,86%,36.9,85%,86%,74.0,Firepower High
TF-Blitz,Technifibre,$209.00,,,2024,USAP,Extra-elongated,Raw Texture/Peel Ply,Gen 2,Power,15,6.00,4.25,8.24,124,95%,5.81,13%,244,Very High,2092,56.5,77%,36.8,82%,80%,69.0,Firepower High
TF-Command,Technifibre,$209.00,,,2024,USAP,Widebody,Raw Texture/Peel Ply,Gen 2,Control,15,5.00,4.25,8.16,110,18%,6.81,80%,233,Very High,2044,55.0,26%,35.7,31%,28%,42.0,Firepower Control+
TF-Select,Technifibre,$209.00,,,2024,USAP,Hybrid,Raw Texture/Peel Ply,Gen 2,All-Court,15,5.50,4.25,8.10,112,28%,6.43,55%,234,Very High,2093,55.9,52%,36.6,72%,62%,60.0,Firepower Balanced
Azul 16,Thrive,$199.99,PBEFFECT,https://a8qh.short.gy/azul16,2024,USAP,Hybrid,Raw Texture/Peel Ply,Gen 2,Power,16,5.25,4.25,8.12,117,64%,6.60,66%,240,High,1948,55.7,43%,36.0,41%,42%,53.0,Firepower Balanced
Blackout 16,Thrive,$199.99,PBEFFECT,https://a8qh.short.gy/BO16,2024,USAP,Hybrid,Raw Texture/Peel Ply,Gen 2,Power,16,5.25,4.25,8.28,119,78%,6.71,76%,242,Medium,1897,56.5,77%,36.2,51%,64%,65.0,Firepower High
Fury Elongate,Thrive,$199.99,PBEFFECT,https://a8qh.short.gy/furyE,2025,USAP,Elongated,Raw Texture/Peel Ply,Gen 3,Power,16,5.50,4.25,7.90,115,49%,6.13,33%,243,,,,,,,,,
Project Fury,Thrive,$199.99,PBEFFECT,https://a8qh.short.gy/Fury,2025,USAP,Hybrid,Raw Texture/Peel Ply,Gen 3,Power,16,5.50,4.25,8.00,112,28%,6.54,61%,237,Very High,2037,56.2,65%,36.4,62%,64%,62.0,Firepower Balanced
Rush 13mm,Thrive,$179.99,PBEFFECT,https://a8qh.short.gy/Rush,2023,USAP,Elongated,Raw Texture/Peel Ply,Gen 2,Power,13,5.50,4.13,7.90,119,78%,6.10,30%,244,High,1931,55.7,43%,35.6,27%,35%,50.0,Firepower Balanced
Smoke,Thrive,$219.99,PBEFFECT,https://a8qh.short.gy/smoke,2025,USAP,Elongated,Raw Texture/Peel Ply,Gen 1,Power,15,5.50,4.25,7.96,119,78%,6.14,33%,242,Very High,2003,56.4,74%,36.2,51%,62%,64.0,Firepower Balanced
Surge 16,Thrive,$199.99,PBEFFECT,https://a8qh.short.gy/Surge,2024,USAP,Hybrid,Raw Texture/Peel Ply,Gen 2,All-Court,16,5.25,4.25,8.03,117,64%,6.80,79%,243,High,1937,55.3,33%,35.6,27%,30%,45.0,Firepower Control+
Threat 16mm,Thrive,$179.99,PBEFFECT,https://a8qh.short.gy/Threat,2023,USAP,Elongated,Raw Texture/Peel Ply,Gen 2,All-Court,16,5.50,4.25,8.00,122,89%,6.74,76%,245,Medium,1918,54.4,17%,34.6,6%,11%,25.0,Firepower Soft
Flash 14 mm,Vatic Pro,$139.99,PBEFFECT,https://a8qh.short.gy/VPFlash,2023,USAP,Hybrid,Raw Texture/Peel Ply,Gen 2,All-Court,14,5.30,4.13,7.94,110,18%,6.15,35%,235,,,53.9,11%,34.4,4%,8%,17.0,Firepower Soft
Flash 16 mm,Vatic Pro,$139.99,PBEFFECT,https://a8qh.short.gy/VPFlash,2023,USAP,Hybrid,Raw Texture/Peel Ply,Gen 2,All-Court,16,5.30,4.13,8.25,115,49%,6.70,74%,237,High,1935,,,,,,,
Prism Bloom 14mm,Vatic Pro,$99.99,PBEFFECT,https://a8qh.short.gy/PB14,2025,USAP,Widebody,Raw Texture/Peel Ply,Gen 1.5,Control,14,5.60,4.13,7.70,107,6%,6.05,28%,238,,,,,,,,,
Prism Bloom 16mm,Vatic Pro,$99.99,PBEFFECT,https://a8qh.short.gy/PB16,2025,USAP,Widebody,Raw Texture/Peel Ply,Gen 1.5,Control,16,5.60,4.13,7.92,112,28%,7.07,89%,238,,,,,,,,,
Prism Flash 14 mm,Vatic Pro,$99.99,PBEFFECT,https://a8qh.short.gy/PF14,2023,USAP,Hybrid,Raw Texture/Peel Ply,Gen 1.5,All-Court,14,5.30,4.13,7.80,111,23%,6.11,31%,241,High,1950,53.0,5%,35.0,12%,9%,10.0,Firepower Soft
Prism Flash 16 mm,Vatic Pro,$99.99,PBEFFECT,https://a8qh.short.gy/VPFP16,2023,USAP,Hybrid,Raw Texture/Peel Ply,Gen 1.5,Control,16,5.30,4.13,7.91,114,43%,6.40,53%,237,High,1942,51.8,1%,33.7,1%,1%,0.0,Firepower Soft
Prism Flash LH 14,Vatic Pro,$99.99,PBEFFECT,https://a8qh.short.gy/LH14,2024,USAP,Hybrid,Raw Texture/Peel Ply,Gen 1.5,All-Court,14,5.75,4.13,7.94,116,57%,5.89,17%,241,,,,,,,,,
Prism Flash LH 16,Vatic Pro,$99.99,PBEFFECT,https://a8qh.short.gy/LH16,2024,USAP,Hybrid,Raw Texture/Peel Ply,Gen 1.5,Control,16,5.75,4.13,8.05,117,64%,6.18,36%,241,,,,,,,,,
Prism V7,Vatic Pro,$99.99,PBEFFECT,https://a8qh.short.gy/VPV7P,2023,USAP,Elongated,Raw Texture/Peel Ply,Gen 2,Control,16,5.30,4.13,8.44,128,99%,6.96,86%,244,,,52.8,2%,34.6,6%,4%,5.0,Firepower Soft
Prism V7 LH,Vatic Pro,$99.99,PBEFFECT,https://a8qh.short.gy/PV7LH,2023,USAP,Elongated,Raw Texture/Peel Ply,Gen 2,Control,16,5.60,4.13,7.97,119,78%,6.16,36%,243,,,53.2,6%,34.4,4%,5%,8.0,Firepower Soft
Saga Bloom 14mm,Vatic Pro,$149.99,PBEFFECT,https://a8qh.short.gy/SB,2025,USAP,Widebody,Raw Texture/Peel Ply,Gen 1,All-Court,14,5.30,4.13,7.70,107,6%,6.61,67%,239,Very High,2038,55.7,43%,35.7,31%,37%,51.0,Firepower Balanced
Saga Bloom 16mm,Vatic Pro,$149.99,PBEFFECT,https://a8qh.short.gy/SB,2025,USAP,Widebody,Raw Texture/Peel Ply,Gen 1,Control,16,5.60,4.13,8.00,111,23%,7.02,88%,237,Very High,2028,53.9,11%,34.8,8%,10%,20.0,Firepower Soft
Saga Flash LH 16mm,Vatic Pro,$149.99,PBEFFECT,https://a8qh.short.gy/SFLH,2024,USAP,Elongated,Raw Texture/Peel Ply,Gen 1.5,All-Court,16,5.75,4.13,8.17,120,83%,6.30,46%,244,,,,,,,,,
Saga Flash SH 14mm,Vatic Pro,$149.99,PBEFFECT,https://a8qh.short.gy/SFSH,2025,USAP,Hybrid,Raw Texture/Peel Ply,Gen 1,All-Court,14,5.30,4.13,7.70,109,13%,5.95,22%,239,Very High,2015,55.9,52%,35.7,31%,42%,53.0,Firepower Balanced
Saga Flash SH 16mm,Vatic Pro,$149.99,PBEFFECT,https://a8qh.short.gy/SFSH,2024,USAP,Hybrid,Raw Texture/Peel Ply,Gen 1.5,All-Court,16,5.30,4.13,7.93,114,43%,6.39,52%,240,High,1961,56.5,77%,35.5,23%,50%,60.0,Firepower Balanced
Saga V7 LH,Vatic Pro,$149.99,PBEFFECT,https://a8qh.short.gy/SVLH,2024,USAP,Elongated,Raw Texture/Peel Ply,Gen 1.5,All-Court,16,5.75,4.13,8.28,125,97%,6.50,59%,246,,,,,0.0,,,,
Saga V7 SH,Vatic Pro,$149.99,PBEFFECT,https://a8qh.short.gy/SVSH,2024,USAP,Elongated,Raw Texture/Peel Ply,Gen 1.5,All-Court,16,5.30,4.13,8.13,120,83%,6.62,68%,243,High,1954,56.8,86%,35.6,27%,56%,64.0,Firepower Balanced
Saga V7 SH 14mm,Vatic Pro,$149.99,PBEFFECT,https://a8qh.short.gy/SVLH,2025,USAP,Elongated,Raw Texture/Peel Ply,Gen 1,All-Court,14,5.30,4.13,7.90,116,57%,6.23,40%,242,High,1978,56.3,68%,35.5,23%,46%,57.0,Firepower Balanced
V-Sol Power Bloom,Vatic Pro,$109.99,PBEFFECT,https://a8qh.short.gy/pow-b,2025,USAP,Widebody,Raw Texture/Peel Ply,Gen 4,Power,16,5.60,4.13,7.95,109,13%,7.02,88%,236,Very High,2069,56.3,68%,36.4,62%,65%,64.0,Firepower Balanced
V-Sol Power Flash,Vatic Pro,$109.99,PBEFFECT,https://a8qh.short.gy/pow-f,2025,USAP,Hybrid,Raw Texture/Peel Ply,Gen 4,Power,16,5.30,4.13,7.97,110,18%,6.29,45%,235,Very High,2073,57.0,93%,36.6,72%,83%,74.0,Firepower High
V-Sol Power V7,Vatic Pro,$109.99,PBEFFECT,https://a8qh.short.gy/pow-v7,2025,USAP,Elongated,Raw Texture/Peel Ply,Gen 4,Power,16,5.60,4.13,8.14,117,64%,6.67,71%,239,Very High,2088,57.3,97%,36.7,79%,88%,79.0,Firepower High
V-Sol Pro Bloom,Vatic Pro,$109.99,PBEFFECT,https://a8qh.short.gy/pro-b,2025,USAP,Widebody,Raw Texture/Peel Ply,Gen 4,Power,16,5.60,4.13,7.92,107,6%,6.87,83%,233,Very High,2111,56.2,65%,36.6,72%,69%,64.0,Firepower Balanced
V-Sol Pro Flash,Vatic Pro,$109.99,PBEFFECT,https://a8qh.short.gy/pro-f,2025,USAP,Hybrid,Raw Texture/Peel Ply,Gen 4,Power,16,5.30,4.13,8.10,108,10%,6.43,55%,231,Very High,2060,56.8,86%,37.0,89%,88%,75.0,Firepower High
V-Sol Pro Flash LH,Vatic Pro,$109.99,PBEFFECT,https://a8qh.short.gy/pro-flh,2025,USAP,Hybrid,Raw Texture/Peel Ply,Gen 4,Power,16,5.60,4.13,8.00,109,13%,5.99,24%,233,,,,,,,,,
V-Sol Pro V7,Vatic Pro,$109.99,PBEFFECT,https://a8qh.short.gy/pro-v7,2025,USAP,Elongated,Raw Texture/Peel Ply,Gen 4,Power,16,5.30,4.13,8.15,114,43%,6.49,58%,236,,2120,57.1,95%,37.1,92%,94%,79.0,Firepower High
V-Sol Pro V7 LH,Vatic Pro,$109.99,PBEFFECT,https://a8qh.short.gy/pro-v7lh,2025,USAP,Elongated,Raw Texture/Peel Ply,Gen 4,Power,16,5.60,4.13,7.97,114,43%,6.02,26%,237,,,,,,,,,
V7,Vatic Pro,$139.99,PBEFFECT,https://a8qh.short.gy/VPV7,2023,USAP,Elongated,Raw Texture/Peel Ply,Gen 2,All-Court,16,5.30,4.13,8.32,123,92%,6.93,85%,244,Medium,1916,54.3,16%,35.9,36%,26%,34.0,Firepower Soft
V-Sol Power V7 LH,Vatic Pro,$109.99,PBEFFECT,https://a8qh.short.gy/pow-v7lh,2025,USAP,Elongated,Raw Texture/Peel Ply,Gen 4,Power,16,5.60,4.13,8.00,119,78%,6.24,42%,242,,,,,,,,,
Vector XL,Versix,$129.99,PBEFFECT,https://a8qh.short.gy/Vect,2024,USAP,Elongated,Raw Texture/Peel Ply,Gen 2,Power,15,5.75,4.25,8.30,121,86%,6.85,82%,240,Medium,1916,56.1,61%,35.9,36%,49%,57.0,Firepower Balanced
CTRL 1 Forza,Volair,$199.99,PBEFFECT,https://a8qh.short.gy/C1F ,2024,USAP,Hybrid,Raw Texture/Peel Ply,Gen 2,All-Court,16,5.50,4.15,8.00,115,49%,6.26,43%,240,,,,,,,,,
CTRL 2 Forza,Volair,$199.99,PBEFFECT,https://a8qh.short.gy/C2F,2024,USAP,Widebody,Raw Texture/Peel Ply,Gen 2,Control,16,5.50,4.15,7.96,108,10%,7.16,92%,235,,,,,,,,,
Mach 1 14mm,Volair,$159.99,PBEFFECT,https://a8qh.short.gy/Mach14,2022,USAP,Elongated,Raw Texture/Peel Ply,Gen 2,All-Court,14,5.50,4.15,7.84,115,49%,5.82,14%,240,Medium,1900,53.2,6%,36.1,46%,26%,21.0,Firepower Soft
Mach 1 16mm,Volair,$159.99,PBEFFECT,https://a8qh.short.gy/Mach16,2022,USAP,Elongated,Raw Texture/Peel Ply,Gen 2,Control,16,5.50,4.15,8.06,118,71%,6.02,26%,242,Very High,2005,53.9,11%,34.7,7%,9%,20.0,Firepower Soft
Mach 1 Forza 14mm,Volair,$179.99,PBEFFECT,https://a8qh.short.gy/MF14,2023,USAP,Elongated,Raw Texture/Peel Ply,Gen 2,Power,14,5.50,4.15,7.69,109,13%,5.82,14%,237,High,1954,54.0,13%,35.7,31%,22%,28.0,Firepower Soft
Mach 1 Forza 16mm,Volair,$179.99,PBEFFECT,https://a8qh.short.gy/Forza16,2023,USAP,Elongated,Raw Texture/Peel Ply,Gen 2,All-Court,16,5.50,4.15,8.19,117,64%,6.57,64%,240,High,1988,55.0,26%,35.5,23%,24%,40.0,Firepower Control+
Mach 2 14mm,Volair,$139.99,PBEFFECT,https://a8qh.short.gy/M214,2023,USAP,Widebody,Raw Texture/Peel Ply,Gen 2,Control,14,5.50,4.15,7.90,106,6%,6.76,77%,231,High,1967,52.8,2%,35.0,12%,7%,8.0,Firepower Soft
Mach 2 16 mm,Volair,$139.99,PBEFFECT,https://a8qh.short.gy/M216,2023,USAP,Widebody,Raw Texture/Peel Ply,Gen 2,Control,16,5.50,4.15,7.97,108,10%,6.77,78%,231,Very High,2003,53.0,5%,35.0,12%,9%,10.0,Firepower Soft
Mach 2 Forza 14mm,Volair,$179.99,PBEFFECT,https://a8qh.short.gy/M2F14,2023,USAP,Widebody,Raw Texture/Peel Ply,Gen 2,All-Court,14,5.50,4.15,7.80,109,13%,6.90,84%,238,High,1998,52.9,5%,35.9,36%,21%,16.0,Firepower Soft
Mach 2 Forza 16mm,Volair,$179.99,PBEFFECT,https://a8qh.short.gy/M2F16,2023,USAP,Widebody,Raw Texture/Peel Ply,Gen 2,Control,16,5.50,4.15,8.02,111,23%,7.26,95%,238,High,1987,53.5,9%,33.7,1%,5%,7.0,Firepower Soft
Shift EL 14,Volair,$189.99,PBEFFECT,https://a8qh.short.gy/eshift,2026,USAP,Elongated,Raw Texture/Peel Ply,Gen 4,Power,14,5.60,4.13,8.20,122,89%,6.23,40%,246,High,1979,57.2,96%,37.0,89%,93%,80.0,Firepower Elite
Shift HYB 14,Volair,$189.99,PBEFFECT,https://a8qh.short.gy/hshift,2026,USAP/UPA-A,Hybrid,Raw Texture/Peel Ply,Gen 4,Power,14,5.60,4.13,8.15,117,64%,6.63,69%,242,Very High,2055,56.7,84%,36.7,79%,82%,71.0,Firepower High
Shift WB 14,Volair,$189.99,PBEFFECT,https://a8qh.short.gy/wshift,2026,USAP,Widebody,Raw Texture/Peel Ply,Gen 4,Power,14,5.50,4.13,8.20,108,10%,7.30,95%,234,Very High,2018,56.8,86%,36.8,82%,84%,73.0,Firepower High
V.1F HYB,Volair,$199.00,PBEFFECT,https://a8qh.short.gy/V.1FHYB,2025,USAP,Hybrid,Raw Texture/Peel Ply,Gen 2,All-Court,16,5.50,4.15,8.10,118,71%,6.49,58%,243,Very High,2027,55.3,33%,35.0,12%,22%,40.0,Firepower Control+
V.1F WB,Volair,$199.00,PBEFFECT,https://a8qh.short.gy/V.1fWB,2025,USAP,Widebody,Raw Texture/Peel Ply,Gen 2,Control,16,5.50,4.15,8.10,111,23%,7.42,98%,237,Very High,2035,55.1,28%,35.7,31%,30%,43.0,Firepower Control+
Vesper Control 17,Wilson,$249.00,PBEFFECT,https://a8qh.short.gy/WV17,2025,USAP,Widebody,Raw Texture/Peel Ply,Gen 3,Control,17,5.00,4.25,8.05,113,35%,5.96,23%,236,High,1998,55.6,40%,35.0,12%,26%,44.0,Firepower Control+
Vesper Power 14,Wilson,$249.00,PBEFFECT,https://a8qh.short.gy/WV14,2025,USAP,Elongated,Raw Texture/Peel Ply,Gen 3,All-Court,14,5.00,4.25,8.00,114,43%,5.19,1%,238,High,1978,56.2,65%,35.3,18%,41%,54.0,Firepower Balanced